~るら,Data Field,1101 xd,1102 ㄈd,1216 参@,1301 x鹅,1303 nㄈ,1326 xて,1402 环Fs,2002 い葵,2105 タs,2207 M酲,2301 _,2303 pq,2308 xFq,2317 E,2327 瓣エ,2330 xnq,2457 抚,2382 sF,2395 愕,2408 nㄈ,2409 ねF,2412 い地q,2454 po,2474 iΘ,2633 xW蔼K,2801 裹蝗,2823 い关,2880 地n,2881 Iü,2882 瓣酹,2883 }o,2884 ドs,2885 じj,2886 伦,2887 xs,2890 ッ伦,2891 いH,2892 材@,2912 参@W,3008 jミ,3045 xWj,3481 s承,4904 环肚,4938 M河,5871 い-KY,5880 Xw,6505 x鹅て,9904 _Θ
2016/1/4,ΜL基(じ),23.77,26.25,53.9,72.4,57.4,68.2,25,17.5,51.7,364.5,30.39,11.8,149,87.12,74.15,139.5,12.91,50.6,186.82,44.85,9.46,98.2,245,272.5,,13.21,20.92,12.82,43.55,42,7.97,14.72,11.85,21,9.53,8.2,15.18,13.92,200,"2,175",98,9.6,66.2,70.8,52.55,11.88,76.9,41.7
2016/1/5,ΜL基(じ),24,26,54.1,72.9,57.5,68.5,25,17.35,52.4,364.5,31.44,11.75,148.5,87.23,73.87,138,12.66,50.4,185.46,44.7,9.2,98.8,242.5,265,,13.29,20.88,12.78,42.45,41.1,7.97,14.87,11.65,20.9,9.45,8.15,15.13,13.97,199.5,"2,110",98.4,9.52,65.6,72,52.15,11.88,76.3,42.25
2016/1/6,ΜL基(じ),23.68,25.95,54.1,73,57.5,68.6,24.95,17.3,52.9,371.5,31.39,11.75,148,87.12,73.59,135.5,12.07,49.75,190.46,42.95,9.09,98.7,227,251,,13.38,20.71,12.73,41,40.35,7.89,14.91,11.6,20.55,9.53,8.14,14.95,13.87,203.5,"1,960",97.5,9.46,65.3,67.9,52.15,11.88,77,42.65
2016/1/7,ΜL基(じ),24.86,26.15,53.8,73,57.6,69,25.25,17.45,52.5,361,31.44,11.45,148,86.35,73.59,133,11.34,48.75,186.82,42.2,9.08,99.2,206,226,,13.16,20.13,12.52,39.65,39.65,7.66,14.6,11.15,20,9.32,7.87,14.72,13.78,196,"1,830",97.5,9.53,65.6,65.7,50.29,11.71,76.2,42
2016/1/8,ΜL基(じ),24.54,26,53,71.4,56.9,68.1,25,17.4,51.6,353.5,30.84,11.4,146,86.02,74.85,134,12.07,50.3,184.55,42.9,9.12,99.4,213.5,220.5,,13.12,20.13,12.52,39.65,39.95,7.67,14.44,11.2,20.25,9.24,7.95,14.81,13.78,197,"1,975",97.5,9.52,66,67,50.49,11.71,76,42.75
2016/1/11,ΜL基(じ),23.63,25.7,51.9,71.7,56.9,68.7,24.85,17.35,52,340,29.6,11.05,145,83.15,74.29,133,11.68,50.2,186.37,44.8,9.02,100,209,222,,13.08,19.63,12.31,39,39,7.4,13.74,10.8,20.1,8.76,7.69,14.44,13.64,193,"1,935",98.3,9.35,66.1,64.6,50.29,11.53,76,42
2016/1/12,ΜL基(じ),23.72,25.55,51,72.9,57.3,69.7,24.7,17.2,51.5,344,30.05,11.1,147.5,84.14,74.85,133,11.39,50.4,187.73,42.05,9.53,101,206.5,203.5,,13.12,19.76,12.39,39.6,38.9,7.41,13.54,10.75,20.25,8.72,7.68,14.35,13.69,194.5,"1,840",99.5,9.6,66.4,66.6,49.7,11.57,76.9,42.55
2016/1/13,ΜL基(じ),24.31,25.85,52.3,74.9,57.1,70.4,24.8,17.45,50.8,346.5,30.84,11.05,148,84.47,73.73,133.5,11.34,50.7,190.46,42.45,9.6,101.5,206.5,215.5,,13.25,19.88,12.39,39.1,38.4,7.5,13.27,10.75,20.2,8.76,7.83,14.62,13.73,200,"1,965",99.5,9.8,67,67.3,51.37,11.62,78.9,42.1
2016/1/14,ΜL基(じ),24.31,25.5,53,75.2,56.7,70.4,24.95,17.4,50.6,342.5,30.39,11.15,143,83.81,74.01,131.5,11.05,50.7,190.91,43,9.43,102.5,208,218.5,,13.08,19.67,12.35,38,37,7.36,13.03,10.4,20,8.64,7.64,14.49,13.69,196.5,"1,855",99.4,9.73,67.2,65.6,50.78,11.49,79,40.1
2016/1/15,ΜL基(じ),24.45,25.5,52.9,75.5,56.7,71,24.8,17.45,50.1,334.5,30.54,11.25,144.5,83.04,73.17,137,10.9,49.9,190.91,42.55,9.06,101,205,218.5,,13.12,19.13,12.22,36.8,35.5,7.13,12.91,10.15,19.85,8.64,7.51,14.02,13.64,200,"2,020",98,9.47,67.3,64.9,49.41,11.35,78.8,40.1
2016/1/18,ΜL基(じ),24.18,25.4,52.1,75.5,56.6,70.1,24.5,17.25,49.65,336.5,30.69,11.15,140.5,82.6,74.29,137,11.68,49.3,187.28,42.95,9.09,100,210,219,,13.03,19.18,12.05,37.35,35,7.23,12.79,10.25,19.65,8.89,7.53,14.07,13.45,206,"1,995",98,9.41,68,68,50.29,11.31,79,40
2016/1/19,ΜL基(じ),24.09,25.5,52.5,75.5,56.3,70.1,24.3,17.5,50.1,335.5,31.04,11.15,135.5,83.04,73.87,138,11.68,49.25,187.28,41.3,9.05,101.5,216.5,232,,13.03,19.26,12.13,37.15,35.3,7.3,12.95,10.25,20,8.81,7.59,14.12,13.41,210,"2,025",98,9.42,68.6,70.2,50.09,11.44,78.3,38.85
2016/1/20,ΜL基(じ),23.72,25.4,53,76,55.9,69.2,24.1,17.1,49.5,321.5,30.99,11.1,130.5,80.62,73.17,134.5,11.73,48.55,183.64,38.5,8.75,101.5,210,215,,13.03,18.97,12.18,35.7,33.9,7.1,12.56,10.05,19.55,8.64,7.39,13.75,13.36,211,"1,900",97,9.17,68.2,66.1,48.62,11.44,78.9,37.7
2016/1/21,ΜL基(じ),23.5,25.05,52.3,73.9,54.9,67.8,23.65,17.1,48.9,320.5,30.69,11.1,127.5,80.17,73.73,135,11.93,47.7,176.82,38.9,8.81,100.5,210,219.5,,12.95,19.05,11.92,35,33.6,6.95,12.48,9.97,19.25,8.55,7.27,13.42,13.13,207,"2,035",97,9.28,67.7,67.2,48.92,11.27,78.9,37.15
2016/1/22,ΜL基(じ),23.31,25.1,52.3,74.4,55.3,68.8,23.55,17.5,48.95,325.5,31.24,11.25,133.5,82.49,73.73,138.5,11.68,48.6,182.28,40.3,8.88,100.5,212,219.5,,13.03,18.8,12.05,35,34.1,7.03,12.48,10.2,19.3,8.64,7.24,13.51,13.22,210,"1,995",99.3,9.3,68.2,73.2,49.51,11.31,79.8,36.15
2016/1/25,ΜL基(じ),23.5,25.3,53.3,76,56.4,70.5,23.65,17.85,49.9,330,32.33,11.45,139.5,83.81,73.73,139.5,11.63,51,184.55,40.5,8.87,102,214.5,228.5,,13.42,19.09,12.48,36.2,35.25,7.27,13.34,10.3,20,9.02,7.61,13.75,13.36,211,"2,075",99.9,9.38,69.7,75.1,51.27,11.57,81,37.25
2016/1/26,ΜL基(じ),23.18,24.95,53,75.4,55.5,69.8,22.95,17.8,50,323,31.34,11.7,136.5,83.26,72.19,137.5,11.34,49.95,183.19,40.2,8.82,102,209,225,,13.34,18.84,12.26,35.35,34.1,7.72,13.07,10.05,19.8,8.89,7.47,13.47,13.32,209.5,"2,240",98.3,9.49,69.3,72.1,50.88,11.44,81,36.75
2016/1/27,ΜL基(じ),23.18,25.05,54,74.9,55.5,70.1,22.95,17.65,50,324,32.19,11.7,135,83.04,72.61,139.5,11.15,49.9,188.64,39.8,8.73,102,211,223.5,,13.55,18.68,12.39,35.4,34.1,7.65,12.87,10.05,19.8,8.89,7.42,13.47,13.41,216,"2,160",99.2,9.34,70.1,74,50.68,11.53,80.2,36.2
2016/1/28,ΜL基(じ),23.5,25.15,55.3,75.6,56.2,70.1,23.2,17.6,50.6,326,34.08,12.75,135,82.82,72.89,140,11.05,51.2,183.64,38.75,8.76,102.5,208,230,,13.68,18.8,12.26,35.75,34.15,7.66,12.87,10.05,20.25,8.94,7.53,13.51,13.69,220,"2,260",99.6,9.45,68.6,73.4,50.58,11.75,80,37.75
2016/1/29,ΜL基(じ),24.18,26.05,55.5,77,57.8,71.4,23.7,17.75,51.2,339.5,34.97,12.85,139.5,85.8,73.17,143,11.19,52.7,180.46,39.65,8.58,103,214,244.5,,14.33,19.55,12.69,36.45,36.1,7.94,13.5,10.3,21.15,9.19,8.01,14.39,14.06,219.5,"2,375",100,9.43,68.7,74.9,51.57,12.15,82,41.3
2016/1/30,ΜL基(じ),24.81,26.25,55.2,76.5,58.3,71.3,24.25,17.7,52.4,344.5,34.72,12.75,141.5,86.24,73.73,142,11.39,53.3,184.55,40.85,8.77,102.5,217.5,259,,14.37,19.97,12.86,38.2,37.6,8.11,13.89,10.8,21.55,9.32,8.23,14.9,14.15,220,"2,500",99.9,9.65,68.7,76.8,51.76,12.19,81.9,41
2016/2/1,ΜL基(じ),24.77,26.45,55.6,76.2,59,71.9,24.3,18,53.6,342,35.37,12.9,138,87.67,74.71,144,11.83,53.7,188.19,39.5,8.85,103,210,252,,14.07,19.72,12.86,38.4,37,8,13.42,10.8,21.7,9.32,8.15,14.67,14.2,221,"2,350",99.9,9.62,69.9,77.7,51.17,12.19,82.5,40.1
2016/2/2,ΜL基(じ),24.41,26.15,56.3,76.5,59.4,71.9,24.25,18.35,53,335.5,37.11,13.1,136,86.46,74.71,142.5,11.59,54.4,192.28,38.95,8.61,103,212,242.5,,13.9,19.63,12.82,38.5,37,7.82,13.07,10.8,21.7,9.19,8.1,14.39,14.06,221.5,"2,350",99.6,9.65,69.7,78,51.47,12.06,82.4,39.5
2016/2/3,ΜL基(じ),24.18,25.6,54.8,75.3,58.8,70.5,24.3,18,53,328,36.36,12.9,132.5,84.47,73.45,146,11.44,52.6,187.28,38.1,8.4,103,200,237.5,,13.55,19.01,12.56,37.85,35.8,7.61,12.99,10.55,21.3,9.02,7.99,14.16,13.83,220,"2,350",99.6,9.33,69.4,76.3,51.57,11.93,80.4,38.6
2016/2/15,ΜL基(じ),24.59,25.8,56.3,75.8,59.3,71.3,24,18.4,53.2,333,34.87,13.2,134.5,82.38,76.25,145,11.68,53.9,188.19,38,8.26,104.5,205.5,232,,13.68,18.47,12.73,36.4,35,7.66,13.03,10.45,21.3,8.89,8.01,13.84,14.06,221.5,"2,385",99.1,9.07,70.4,76.3,50.58,11.97,80.6,39.65
2016/2/16,ΜL基(じ),25.68,26.8,56.5,76.4,60,71.6,25.05,18.9,55,333,37.01,13.15,141,84.47,76.67,147.5,11.98,54,186.82,38.75,8.62,105,211.5,250.5,,14.07,19.05,13.03,38.35,36.65,7.88,13.07,10.85,21.7,9.32,8.29,14.35,14.24,224,"2,570",100,9.28,69.8,78.6,52.25,12.23,80.5,39.75
2016/2/17,ΜL基(じ),25.59,27,56.1,76.8,60.3,71.5,24.7,18.95,54.8,338,37.46,13.25,139,84.59,77.51,148,11.88,54.5,187.73,39.1,8.48,105.5,210,247,,13.81,18.8,12.82,37.7,36,7.84,12.91,10.75,21.6,9.28,8.21,14.21,14.06,220.5,"2,455",101.5,9.05,69.1,78.2,51.57,12.19,81,40.3
2016/2/18,ΜL基(じ),26.4,27,57,77.7,61.5,72.8,24.9,19.05,55,342.5,37.11,13.4,139.5,85.69,77.51,151,12.22,55.3,192.28,39.1,8.65,104.5,220,252,,13.81,19.01,12.99,38.3,36.9,7.9,13.38,10.85,21.75,9.36,8.23,14.44,14.15,227,"2,465",102,9.12,69.6,79.3,52.35,12.15,83,41.5
2016/2/19,ΜL基(じ),26.45,26.95,57,78.1,62.2,72.6,24.9,19.05,55.2,341.5,37.31,13.2,141,84.59,75.55,151,12.91,55.8,195.91,39.85,8.49,105,220.5,253,,13.98,19.01,13.16,38.3,37,7.82,13.62,10.8,21.6,9.19,8.17,14.44,14.29,227,"2,535",101,9.16,69,78.5,51.66,12.28,83,41.15
2016/2/22,ΜL基(じ),26.63,27.3,56.8,77.8,61.9,72.2,25.2,19.35,55.4,339,36.66,13.2,139.5,84.59,75.69,151,12.81,56.3,197.73,40.5,8.4,104,229,252.5,,13.81,19.18,13.16,38.35,36.9,7.87,13.54,10.75,21.7,9.28,8.12,14.49,14.29,223.5,"2,555",101,9.03,69.1,79.2,52.25,12.23,82.2,41.45
2016/2/23,ΜL基(じ),26.63,27.1,56.6,77.4,61.3,72.4,25.3,20.2,55.9,337,37.31,13.2,136.5,84.92,75.13,149.5,13.15,55.1,201.37,40.25,8.57,104,231,247,,13.9,19.05,13.16,38.65,37.1,7.88,13.42,10.8,21.7,9.36,8.15,14.58,14.29,224,"2,560",102,9.15,68.2,78.3,52.35,12.28,82.5,41.35
2016/2/24,ΜL基(じ),26.54,27.3,55.2,77,62.4,73,24.8,20.15,56.1,338,37.56,13.2,133,84.36,76.25,148,12.61,55.6,195.91,40.25,8.96,103,227,250,,13.94,18.88,13.08,38.35,36.6,7.89,13.38,10.7,21.6,9.19,8.08,14.44,14.24,226,"2,555",100,9.35,68.1,77.5,52.25,12.28,83.5,39.7
2016/2/25,ΜL基(じ),26.81,27.75,56.4,78.2,62,73,25,20.2,58.3,343,37.16,13.25,130.5,86.57,76.67,150.5,12.42,55.5,197.28,40.4,9.1,104.5,234.5,251.5,,13.98,19.22,13.21,39.1,36.9,7.94,13.27,10.8,21.7,9.28,8.15,14.72,14.24,226.5,"2,540",102,9.9,69,77.5,52.25,12.32,84.4,41.55
2016/2/26,ΜL基(じ),27.27,27.6,57.3,79,63.8,74.8,25.3,20.6,58.3,344.5,38.15,13.35,134.5,86.02,77.09,149,12.56,56.2,209.1,41.2,9.01,104.5,236,260,,14.07,19.22,13.29,39.45,37.3,7.99,13.5,10.7,21.9,9.41,8.21,15,14.38,225.5,"2,535",102.5,9.66,69.5,79,54.31,12.45,84.4,41.25
2016/3/1,ΜL基(じ),27.13,27.55,57.2,79.5,64.8,74.9,25.5,20.6,58.1,340.5,37.86,13.4,134.5,85.69,77.51,152,12.76,56.5,211.82,40.85,9.04,105.5,232.5,275,,13.98,19.09,13.25,39.4,37.05,7.99,13.46,10.85,21.8,9.36,8.19,14.95,14.52,222.5,"2,720",103.5,9.62,69.8,80,55.49,12.41,86.3,41.8
2016/3/2,ΜL基(じ),27.22,27.45,56.5,80,64.6,75.6,26,20.9,58,341.5,37.11,13.35,137,87.67,76.81,153,12.61,56.7,209.1,40.4,9.18,105.5,234,278.5,,14.11,19.51,13.38,40.15,38.2,8.05,13.5,11.1,21.8,9.53,8.3,15.09,14.61,228.5,"2,740",103.5,10,69.5,81.3,55.58,12.54,85.6,41.8
2016/3/3,ΜL基(じ),27.63,28.1,56.9,80,65.9,76.5,26.9,21.75,57.7,346,37.41,13.45,141,88.78,75.41,154,12.61,57.5,209.1,40.3,9.19,106,240,271,,14.37,20.09,13.55,41.15,39.45,8.16,13.97,11.6,22.3,9.62,8.57,15.41,14.75,228.5,"2,685",104,10.4,70.4,80,55.78,12.67,85.7,42.2
2016/3/4,ΜL基(じ),27.04,27.95,56.7,80,66,77.1,27,22,58.1,350,36.12,13.4,141,91.42,76.53,152.5,12.71,56.9,213.19,41.45,9.08,106,240,275.5,,14.29,20.22,13.63,41.45,39.35,8.27,14.17,11.9,22.6,9.71,8.54,15.5,14.75,230.5,"2,760",102,10.5,70.1,79.2,56.27,12.63,87.6,41.7
2016/3/7,ΜL基(じ),27.68,29,57.4,80,67,78.5,27.9,22.6,58.8,348,36.36,13.4,140.5,89.99,77.37,152,12.95,56.9,210.01,42.7,8.95,106,235,272.5,,14.29,20.63,13.63,41,39.6,8.35,14.32,11.9,23,9.88,8.64,15.6,14.8,228.5,"2,695",103.5,10.25,70.3,79.1,57.06,12.67,89.2,41.9
2016/3/8,ΜL基(じ),27.81,29.3,57.5,80,67.2,79.6,27.55,22.7,59.4,359,36.81,13.2,141,91.53,75.69,152,12.81,57.2,215.46,41.4,9.3,105,235,270,,14.24,20.51,13.68,41.25,39.65,8.3,14.21,11.95,22.85,9.79,8.64,15.46,14.75,226.5,"2,635",103,11.15,69,78.8,56.86,12.67,88,41.9
2016/3/9,ΜL基(じ),27.22,29.1,57,78.4,66.5,78.2,27.05,21.8,59.3,349,36.71,12.9,139,91.31,73.73,153,12.56,57.2,209.1,40.85,9.3,105.5,238.5,273.5,,14.24,20.88,13.46,40.7,39.5,8.2,14.25,11.75,22.85,9.83,8.56,15.46,14.75,221.5,"2,575",102,11,70.3,78.5,56.17,12.5,88.2,41.1
2016/3/10,ΜL基(じ),27.9,29.35,57.5,79,65.8,77.2,27.2,21.85,59.3,355,36.36,13.15,142,91.53,73.87,154.5,12.61,57.1,213.64,40.55,9.7,106,232.5,269.5,,14.37,20.8,13.55,40.15,39.25,8.3,14.21,11.95,22.9,9.92,8.63,15.37,14.8,225,"2,565",102.5,11.15,69.9,78.8,55.88,12.67,87.1,41.5
2016/3/11,ΜL基(じ),27.63,29.6,57.2,79,65.8,78,27.45,22.2,61.2,357,36.61,13.25,140.5,91.75,73.87,155,12.71,57.4,213.64,40.95,9.7,106,241,274.5,,14.46,21.17,13.59,40.45,39.4,8.38,14.29,11.9,22.9,9.92,8.68,15.64,14.75,228,"2,610",103,11.2,70.3,80,56.47,12.72,87.6,41.1
2016/3/14,ΜL基(じ),27.9,29.25,56.8,78.8,65.6,77.2,27.05,22.15,61.4,359,36.02,13.4,142,92.64,74.57,156,12.66,57.7,213.64,42,9.83,106,260,281,,14.46,21.25,13.59,40.8,39.55,8.41,14.36,11.85,22.8,9.88,8.82,15.74,14.8,227,"2,620",103,11.3,70.4,79.6,56.86,12.72,87.5,40.9
2016/3/15,ΜL基(じ),27.36,29.15,57.5,78.5,64.8,76.9,27.05,21.9,60,350.5,36.12,13.25,139,90.76,74.71,154.5,11.78,57.7,213.19,40.85,9.78,107,248,276,,14.24,20.67,13.38,39.8,38.6,8.25,14.25,11.45,22.4,9.66,8.51,15.37,14.75,225.5,"2,470",103,10.8,70.6,78.6,54.41,12.59,87.3,40.4
2016/3/16,ΜL基(じ),27.63,29.6,57,77.9,65.7,77.3,27.15,22.2,60.7,350,36.91,13.25,142,91.53,75.27,156,11.88,57.8,213.64,41.5,10.05,107.5,252.5,282,,14.46,21.05,13.38,40.2,39,8.31,14.36,11.6,22.7,9.83,8.63,15.41,14.8,229,"2,590",102.5,11.15,71.2,80.4,53.92,12.59,88,40.8
2016/3/17,ΜL基(じ),28.04,29.6,58.1,79,65.5,78,27.5,22.4,61.3,352,37.46,13.3,141,90.98,75.83,158.5,11.59,59,221.82,40.75,9.86,108,252.5,279.5,,14.59,21.13,13.59,40.7,39.15,8.4,14.52,11.75,22.85,9.83,8.76,15.64,14.89,227.5,"2,540",104.5,10.85,72.1,81.3,54.7,12.72,89.8,41
2016/3/18,ΜL基(じ),28.72,30.25,58.5,80.5,67.1,79.8,27.55,22.55,62.9,352.5,37.46,13.3,143.5,92.64,76.11,159.5,11.54,59.6,221.82,40.55,9.93,108.5,258,294.5,,14.67,21.25,13.72,40.6,39.4,8.52,14.36,11.8,23,9.96,8.86,15.69,14.94,223.5,"2,560",103,10.9,71.9,80.8,55,12.76,92.7,41.2
2016/3/21,ΜL基(じ),28.77,30,57.8,79.9,67.3,78.8,27.2,22.5,61.5,358.5,38.06,13.35,145.5,93.19,76.11,160,11.59,59.2,213.64,40.05,9.95,108,257,289.5,,14.67,21.34,13.55,40.4,39.1,8.5,14.25,11.8,22.95,9.92,8.73,15.74,14.89,224,"2,565",104,11.1,71.4,79.2,55.68,12.72,90.8,42.5
2016/3/22,ΜL基(じ),29.18,30.55,58,79.6,67,78.9,27.5,22.65,62.3,355,37.86,13.3,146,92.97,75.97,158.5,11.54,59.1,217.28,39.85,9.75,109,248,285,,14.55,21.34,13.63,40.35,38.75,8.49,14.21,11.55,22.9,9.83,8.74,15.6,14.89,220.5,"2,600",105,10.9,70.9,77.6,55.68,12.72,94.5,42.45
2016/3/23,ΜL基(じ),28.72,30.5,58.5,79.9,66.9,78.9,27.15,22.65,62.8,354,38.01,13.2,145,92.86,75.41,159.5,11.54,58,220.01,39.9,9.72,109,243.5,283.5,,14.63,21.34,13.72,40,38.65,8.5,14.21,11.6,23,9.83,8.75,15.6,14.89,223,"2,585",105,10.9,72.1,75.5,55.29,12.76,93,41.9
2016/3/24,ΜL基(じ),28.04,30.2,57.6,80.2,67.5,79.7,27.2,22.65,62.6,356.5,38.15,13.25,143,93.19,74.29,158.5,11.39,57.7,218.19,39.95,9.54,110,246,275,,14.55,21.25,13.63,39.8,37.9,8.49,14.29,11.6,22.95,9.79,8.83,15.64,14.85,227.5,"2,545",105,10.85,72.5,76.1,55.09,12.72,93.3,42.05
2016/3/25,ΜL基(じ),28.45,29.9,56.9,79.2,66.7,78.6,26.9,22.5,61,352.5,37.31,13.1,140,92.42,75.27,158,11.39,56.6,213.64,40.05,9.55,110.5,243.5,266.5,,14.59,20.84,13.59,39.95,37.9,8.5,14.17,11.5,22.95,9.79,8.81,15.55,14.8,224,"2,470",104.5,10.8,72.2,76.1,54.51,12.67,92.3,42.4
2016/3/28,ΜL基(じ),28.5,29.35,57.7,80,67,78.9,26.75,22.15,63.3,346.5,37.71,13.1,139,93.19,74.99,159,11.73,56.4,214.1,39.8,9.73,109.5,240,253.5,,14.59,20.59,13.59,39.95,37.9,8.41,14.21,11.55,22.9,9.75,8.77,15.46,14.8,222,"2,435",104.5,11.3,72,75.8,54.51,12.63,91.8,42.95
2016/3/29,ΜL基(じ),27.9,29.1,56.5,79.6,66.5,78.5,26.3,22.1,64.1,346,37.91,12.9,137,92.3,74.99,159,11.59,55.5,215.01,39.9,9.6,109,244,251.5,,14.46,20.22,13.55,39.45,37.3,8.32,14.13,11.4,22.9,9.58,8.76,15.37,14.71,225.5,"2,420",103.5,11.05,71.6,75,53.82,12.67,90.3,39.75
2016/3/30,ΜL基(じ),28.4,29.95,56.3,80.8,67.6,80.1,26.95,22.2,63.8,353,39.1,13.25,142,92.3,74.99,161.5,11.49,56.9,213.64,40,9.75,110.5,249.5,267,,14.67,20.76,13.63,39.75,37.95,8.57,14.21,11.6,22.9,9.79,8.83,15.69,14.8,235.5,"2,580",104.5,11.35,71.6,76.5,54.9,12.72,93,40.25
2016/3/31,ΜL基(じ),28.63,29.4,56.5,79.8,67.6,80.2,26.3,22.4,64.7,354,39.1,13.3,142,93.52,74.43,162,11.49,56.2,215.01,39.95,9.67,109.5,247,264,,14.24,20.59,13.72,41,38.55,8.6,14.13,11.5,22.9,9.71,8.95,15.74,14.75,234.5,"2,495",104.5,11.25,72.1,75.1,55,12.67,92.5,41
2016/4/1,ΜL基(じ),28,28.7,55.8,79.5,66.9,81.1,25.6,21.95,64,346,38.4,13.15,140,91.53,74.57,158.5,11.39,56,213.64,39.9,9.51,109.5,241,259,,14.37,20.55,13.46,40.4,37.75,8.47,14.17,11.35,22.65,9.66,8.81,15.5,14.75,236,"2,510",104.5,11.2,71.2,73.4,54.31,12.63,92.9,40.05
2016/4/6,ΜL基(じ),27.27,28,55.6,77.7,66,78.7,24.85,21.4,63.8,337.5,39.8,12.75,140,89.55,76.95,153.5,11.39,55.2,206.37,39.25,9.2,107,231,263,,14.2,20.13,13.42,39.05,36.8,8.2,13.89,11.3,22.3,9.49,8.65,15.09,14.57,231.5,"2,475",102.5,11,70.5,72.7,53.53,12.59,89.7,38.95
2016/4/7,ΜL基(じ),27.13,27.55,55.2,78.3,64.8,78.6,24.65,20.75,62.9,330.5,39.45,12.6,137.5,89.88,78.64,154.5,11.05,55,206.82,38.85,9.01,108,229,254.5,,14.16,19.72,13.29,39.3,36.4,8.15,13.78,10.95,22.3,9.58,8.57,14.86,14.43,227.5,"2,515",104,10.75,70.7,73.8,53.13,12.5,89.6,40
2016/4/8,ΜL基(じ),27.45,27.55,55.6,78.9,65.6,80.1,24.25,21.2,63,325.5,39.05,12.75,140,90.32,78.78,157.5,11.05,55.5,205.46,38.6,9.71,108.5,229.5,255.5,,14.07,19.34,13.25,39.6,36.3,8.2,13.85,10.85,22.25,9.62,8.7,15.09,14.48,228,"2,445",104,11.1,70.7,72.9,53.72,12.5,89.9,40.1
2016/4/11,ΜL基(じ),27.45,27.75,56.9,79,65.5,80.5,25.05,21.15,65,330.5,39.25,12.6,140,89.55,79.76,158.5,11.1,55.5,208.19,38.6,9.85,109.5,232,259.5,,14.42,19.8,13.33,39.25,35.9,8.15,13.85,10.85,22.5,9.58,8.73,15,14.52,225,"2,485",106,11.15,71.9,71.4,53.62,12.5,89.8,40.3
2016/4/12,ΜL基(じ),27.72,27.95,57.1,79.5,65.3,81,24.8,21.6,65.5,329.5,39,12.9,138,90.43,81.3,158.5,10.95,55.5,203.64,37.9,9.69,109.5,222,257.5,,14.33,19.67,13.38,39.45,35.8,8.14,13.74,10.65,22.6,9.75,8.65,15.04,14.57,228,"2,375",105.5,11,71.5,70.2,55.19,12.5,91.3,39.9
2016/4/13,ΜL基(じ),28.72,28.75,58.2,80.7,65.3,82.3,25.2,22.35,66,342,39.15,12.9,141,92.3,81.44,161.5,11.73,56,207.73,37.65,9.86,110,225.5,266,,14.46,20.22,13.63,40,36.35,8.35,14.05,10.75,22.8,9.83,8.74,15.09,14.8,231.5,"2,405",105.5,11.2,72.3,73.7,55.88,12.63,92.6,40.75
2016/4/14,ΜL基(じ),30,29.55,57.9,81.4,65.1,84.7,25.1,22.75,67.3,337,39.9,12.85,143,90.87,83.4,161.5,11.73,55.9,210.46,38.6,9.88,109.5,231,269.5,,14.29,20.34,13.63,40.4,36.3,8.42,14.09,10.85,22.95,9.83,8.85,15.09,14.66,229,"2,375",105,11.15,71.5,72.4,55.09,12.63,92.2,41.4
2016/4/15,ΜL基(じ),30.5,29.9,59,82,66.3,84.8,25.75,22.7,67.5,351,39.6,12.85,150,91.42,82.98,159.5,11.54,55.3,211.37,38.9,9.9,110.5,234,264,,14.42,20.67,13.63,40.75,36.6,8.45,14.17,10.95,23,9.96,8.89,15.18,14.75,235,"2,465",106.5,11.2,71.8,73.5,55.49,12.63,94,41
2016/4/18,ΜL基(じ),30.86,30,59.1,81.2,66.3,84.9,25.2,22.45,67.8,347.5,39.95,12.9,151,91.09,83.12,158,11.54,55.3,210.46,39.1,9.98,111,234.5,252,,14.63,20.42,13.59,40,36.65,8.41,14.21,10.9,23,10.05,8.88,15.23,14.75,237,"2,440",106.5,11.1,72.6,72.8,55.58,12.67,92.5,40.8
2016/4/19,ΜL基(じ),30.45,29.15,58.3,81.6,66,86,25.2,22.7,68.5,337.5,40.19,12.65,147,89.88,81.02,157.5,11.44,56,205.01,39.5,9.82,109.5,232.5,237,,14.37,20.26,13.59,40.05,36.05,8.4,14.13,10.75,23,10.22,8.88,15.23,14.61,239,"2,380",106.5,11,72.7,70.5,55.39,12.63,93,40.9
2016/4/20,ΜL基(じ),29.86,28.9,58.2,80.8,64.5,84.5,24.5,22.35,67.5,325.5,39.7,12.6,146.5,87.34,78.36,154,11.15,54.5,203.64,38.45,9.81,109,232,243,,14.29,19.97,13.33,39.65,35.85,8.35,13.89,10.6,23,10.09,8.73,15.09,14.52,232.5,"2,355",106,10.85,72,69.6,54.41,12.5,91.5,40.05
2016/4/21,ΜL基(じ),30.45,29.6,58.1,80.2,64,84.5,25,22.85,69.8,327.5,39.5,12.55,149.5,88.56,78.92,157,11.05,54.7,205.91,37.9,9.89,110,234,239,,14.42,20.17,13.51,39.4,36.2,8.43,13.93,10.65,23,10.05,8.72,15.09,14.66,237,"2,360",106,10.8,72.6,70,55.09,12.5,91.1,39.8
2016/4/22,ΜL基(じ),30.09,29.25,58.5,81,65,84.1,24.85,22.85,69,325.5,40,12.7,150,89.33,76.25,156.5,10.95,54.2,202.28,37.2,9.9,110.5,230,233.5,,14.59,20.38,13.46,39.85,36.15,8.43,13.81,10.75,23.05,10.18,8.72,15.13,14.57,232.5,"2,240",106,10.85,72.5,68.2,54.7,12.59,90.6,40.55
2016/4/25,ΜL基(じ),30.18,29.25,58.8,81.9,64.5,84,25.1,23,68.8,329.5,39.8,12.7,151,88.56,78.36,157.5,10.95,54.5,206.37,38.1,9.74,111.5,228,235,,14.63,20.51,13.55,39.8,36.3,8.47,14.05,10.75,23,10.35,8.76,15.27,14.66,234.5,"2,170",106,10.65,73.4,68.5,54.9,12.63,91.8,41.3
2016/4/26,ΜL基(じ),29.95,29.5,58.6,80.8,64.3,83.7,24.9,23.25,68.9,333,39.6,12.7,152,88.44,76.81,158,11.05,54.9,204.1,37.65,9.52,110,236.5,236.5,,14.59,20.46,13.55,40.25,36.65,8.51,14.13,10.9,23,10.43,8.76,15.32,14.71,232.5,"2,250",106.5,10.4,73.1,69.8,54.41,12.63,91.5,41
2016/4/27,ΜL基(じ),30,29.25,59,81.7,65,84.2,24.55,23.5,68.8,328,38.35,12.55,152.5,87.67,75.55,156.5,10.27,55.5,208.19,37.6,9.57,110,242,233.5,,14.59,20.38,13.46,39.5,36.6,8.51,14.21,10.95,23.15,10.48,8.79,15.23,14.71,232.5,"2,240",106.5,10.3,73.7,70.1,55,12.54,92.5,40.95
2016/4/28,ΜL基(じ),30.22,29.05,59.1,81.5,64,84.1,24,23.2,68,322.5,39.1,12,149.5,86.68,75.55,153,9.83,54,205.46,38.5,9.54,109,236,232,,14.59,20.22,13.29,38.85,36.25,8.31,13.97,10.65,23.1,10.13,8.62,15.23,14.52,227,"2,240",106,10.05,73,68,54.31,12.45,93.9,41.6
2016/4/29,ΜL基(じ),29.9,28.75,58.2,80.3,63.2,82.4,24.15,22.65,67.1,319,39.1,12,150,85.03,73.73,150,10.07,52,207.28,37.7,9.4,109,230,227,,14.55,20.26,13.42,39.25,36.25,8.23,14.05,10.65,22.9,10.43,8.6,15.18,14.66,228.5,"2,270",106.5,10,72.8,68.3,53.13,12.54,91.7,40.7
2016/5/3,ΜL基(じ),29.68,28.65,57.8,79,62.7,80.8,24.05,22.4,65.9,317.5,37.31,11.65,146,83.37,73.87,147.5,9.78,52.5,208.64,37.4,9.02,110.5,211,220,,14.33,20.17,13.55,38.95,36.25,8.12,13.89,10.65,23.1,10.26,8.58,15.27,15.08,224,"2,295",107.5,9.8,74,67,52.35,12.45,91.3,40
2016/5/4,ΜL基(じ),28.18,27.45,56.6,77.6,60.6,79.5,23.1,21.05,65.2,303.5,38.2,11.45,141,83.48,72.61,147,9.63,51.2,203.19,37.25,8.72,110.5,201.5,214,,14.29,19.84,13.46,38,35.9,8.01,13.85,10.3,23.05,10.22,8.44,15.18,15.03,223.5,"2,280",107.5,9.51,74.8,66.8,51.66,12.5,88.6,38.75
2016/5/5,ΜL基(じ),28,27.15,56.9,77.2,60.5,79.3,23.5,20.8,64.8,306,37.36,11.3,142,83.15,72.89,147.5,9.64,50.8,200.46,37.5,8.67,109.5,203,202,,14.11,19.59,13.33,37.8,35.9,7.91,13.58,10.25,22.8,10.09,8.32,15.13,14.94,226,"2,305",106.5,9.58,74,67.8,50.78,12.32,88.3,39.2
2016/5/6,ΜL基(じ),27.9,27.2,57.3,77.8,60.2,80.4,23.2,20.9,63.6,300.5,36.61,11.3,140.5,81.39,73.17,148,9.77,51,199.55,37.9,8.63,110,192,214,,13.98,19.42,13.25,37,35.7,7.81,13.23,10.15,22.8,10.22,8.31,15,14.85,226,"2,335",107,9.48,73.3,65.5,49.51,12.15,90,38.6
2016/5/9,ΜL基(じ),27.27,26.8,56.5,77.6,61.5,80.3,23.1,20.8,64.5,299,37.36,11.25,141,80.06,74.71,147.5,9.58,50.6,199.55,38.1,8.81,110.5,196,213,,13.77,19.38,13.25,36.9,35.5,7.77,13.27,10.2,22.9,10.09,8.23,14.9,14.75,224.5,"2,500",108,9.55,73.9,66.5,49.31,12.19,90.6,38.7
2016/5/10,ΜL基(じ),27.45,26.55,56.6,77.1,61.9,80.3,23.35,20.4,64.2,295,38.1,11.25,141,82.49,75.27,147,9.49,51.4,199.1,38,8.72,111,204,216,,13.9,19.47,13.25,36.9,35.3,7.88,13.38,10.2,23.05,10.26,8.26,15.04,14.8,224,"2,530",110.5,9.63,74.6,65.1,49.7,12.1,88.4,38.7
2016/5/11,ΜL基(じ),26.95,25.6,57.3,77,61.7,83.3,23.05,20.4,63.6,297,37.71,11.25,141,81.61,74.85,147,9.15,53.3,199.1,37.55,8.58,110.5,200,210,,13.81,19.34,13.25,36.65,35.15,7.74,13.15,10.2,22.85,10.13,8.22,14.86,14.71,226,"2,690",111,9.49,74.9,65.3,49.41,12.06,86.5,39.85
2016/5/12,ΜL基(じ),27,26,58.4,77.1,61.4,83.1,22.95,20.5,64.8,290.5,37.26,11.4,139.5,80.84,75.13,146,8.37,54.4,198.19,38,8.75,111.5,200,216,,13.85,19.3,13.33,36.2,35,7.75,13.19,10.2,22.9,10.13,8.23,14.9,14.75,234,"2,640",111,9.55,75,62.6,49.6,12.15,88.6,40
2016/5/13,ΜL基(じ),26.36,25.55,60.8,76.5,59.5,81.8,22.6,20.05,66.9,277.5,38.35,11.3,140.5,82.05,74.71,144,8.48,54.4,201.82,39.9,8.58,112,200,210.5,,13.72,19.38,13.55,35.7,34.6,7.6,13.19,10.15,23.15,9.88,8.21,14.95,14.75,235.5,"2,635",110.5,9.23,75.2,60.4,49.21,12.06,85.3,40.15
2016/5/16,ΜL基(じ),26,24.75,60.4,77.2,59.7,80.9,22.3,19.85,65.5,291.5,38.85,11.45,140,81.61,74.99,144.5,8.41,54.7,205.46,40,8.58,110.5,201.5,215,,13.68,19.22,13.33,36,34.6,7.58,13.34,10.2,23,9.88,8.17,15.09,14.8,240.5,"2,570",110.5,9.19,75.1,62.8,48.82,11.93,85.5,41.6
2016/5/17,ΜL基(じ),26.36,24.7,60.2,77.1,59.4,82.6,22.2,20,66.8,293,39.65,11.55,140.5,81.94,74.99,147,9.25,55.4,208.19,39.4,8.55,110.5,202.5,220.5,,13.77,19.42,13.42,36.35,34.85,7.74,13.74,10.2,23,9.96,8.26,15.27,14.85,241,"2,620",111.5,9.18,75,62.4,49.11,12.06,88,41.35
2016/5/18,ΜL基(じ),25.9,24.25,60.1,77.7,59.3,84,22.15,19.95,68.6,293.5,40.59,11.55,140,82.05,74.01,147,9.25,55.9,208.19,38.7,8.45,111,203.5,222.5,,14.07,19.13,13.59,36.6,34.8,7.66,13.7,10.15,23.2,9.92,8.21,15.23,14.99,240,"2,620",112,9.08,75.9,61.2,48.67,12.19,89.2,41.9
2016/5/19,ΜL基(じ),25.18,23.9,59.4,75.9,59.4,79.8,22.1,19.6,66,287,40.64,11.5,138,81.83,73.59,147,9.14,55.1,207.28,38.3,8.41,109.5,200,220,,13.94,19.18,13.51,36.3,35.15,7.62,13.54,10.2,22.9,10,8.18,15.09,14.85,241,"2,600",110.5,9.07,75.3,61.2,48.04,11.97,88.3,41.8
2016/5/20,ΜL基(じ),25.72,23.8,60,76.3,59.2,80.8,22.45,19.8,67,291.5,40.74,11.55,138,81.61,73.45,148.5,9.25,54.7,204.55,39.1,8.55,110,202,231,,13.81,19.3,13.42,36.45,35.1,7.72,13.58,10.15,23,10.05,8.31,15.13,14.85,238,"2,645",111,9.2,74.9,60.4,48.82,11.97,86.8,41.95
2016/5/23,ΜL基(じ),26.18,24.45,60.7,77,60.8,80.6,23.05,20.3,67.1,303,40.59,11.8,141.5,85.36,75.13,154,9.61,56.3,212.28,39.7,9.07,110,210,253.5,,14.07,19.76,13.59,37.85,36.7,7.92,13.81,10.5,23.45,10.26,8.43,15.27,14.89,241,"2,710",110.5,9.75,75.9,66.4,49.8,12.19,89.8,42.3
2016/5/24,ΜL基(じ),26.27,23.95,60,78.3,60.3,81.5,22.75,19.85,69.2,301,42.18,11.8,141,84.25,77.93,151,9.5,57.1,210.46,39.45,8.89,110.5,209,249,,13.98,19.63,13.63,37,36.4,7.92,13.58,10.35,23.25,10.22,8.37,15.27,14.94,241,"2,675",111,9.45,75.5,65.3,49.7,12.1,89.4,42.4
2016/5/25,ΜL基(じ),26.59,24.15,60.8,79,61.1,81.3,23.05,20.15,69.1,303,42.08,12,142,86.46,77.37,154.5,9.64,56.9,215.01,38.8,8.96,110.5,211,241,,14.16,19.8,13.72,37.7,37.2,7.98,13.97,10.55,23.45,10.26,8.43,15.41,14.99,243,"2,730",111.5,9.55,74.8,67.6,49.31,12.19,90.5,42.2
2016/5/26,ΜL基(じ),26.63,23.85,60.1,78.1,60.7,80.4,23,20.4,66.9,303,42.28,12.1,143.5,86.13,78.07,155,9.78,57.3,215.46,38.9,8.97,110,214,241.5,,14.16,19.84,13.76,37.4,37,7.96,13.85,10.5,23.55,10.18,8.47,15.41,14.99,239.5,"2,685",110,9.6,74.1,66.3,49.02,12.23,88.9,42.2
2016/5/27,ΜL基(じ),26.77,24.45,60.2,78.4,60.8,81.5,23.1,20.4,68,311.5,41.79,12.15,143,86.46,77.93,156.5,9.72,57.2,218.64,39.8,9.02,110.5,212.5,246,,14.24,20.71,14.02,37.8,37.6,8.08,13.93,10.7,23.55,10.35,8.59,15.74,15.13,240.5,"2,685",111,9.78,74.7,66.6,49.11,12.32,89.9,42.85
2016/5/30,ΜL基(じ),26.95,24.6,61.6,79.1,61.9,81.6,23.4,20.4,68.1,315,41.84,12.2,148,87.67,77.79,157,9.78,57.9,220.01,40.65,8.92,110,216.5,247.5,,14.29,20.88,14.06,38.5,38.05,8.19,14.21,10.8,23.7,10.43,8.59,15.87,15.26,246.5,"2,755",111.5,9.63,75,67.6,49.51,12.41,90.1,43.8
2016/5/31,ΜL基(じ),27.31,24.85,62.1,79,62.2,82.2,23,20.25,67,311.5,41.79,12.2,150,88.33,76.95,156.5,9.77,58,219.1,39.7,9.06,110,220,248,,14.29,20.71,13.94,38.5,37.7,8.22,14.32,11,23.9,10.52,8.62,15.83,15.31,247.5,"2,720",111.5,9.67,75.1,67.9,48.92,12.59,89,43.75
2016/6/1,ΜL基(じ),27.18,24.95,62.7,79,62,81.9,23.35,20.95,67.7,314.5,42.33,12.25,151.5,88.89,78.78,159,9.78,58,221.82,39.55,9.32,110.5,222,251,,14.33,21.05,14.11,39,38,8.26,14.25,10.95,24.15,10.56,8.61,15.92,15.45,251.5,"2,830",110.5,9.98,75.4,69,49.02,12.54,87.9,43.55
2016/6/2,ΜL基(じ),27.27,24.9,63.4,78.9,61.7,82.3,23.15,20.65,68.1,309.5,42.63,12.25,148,87.45,78.36,159,9.71,58,220.92,39.9,9.2,111,215,245,,14.33,21.34,14.06,38.8,38,8.2,14.29,10.75,24.3,10.52,8.64,15.83,15.4,248.5,"2,830",110.5,9.75,74.7,67.6,49.02,12.5,88.2,42.65
2016/6/3,ΜL基(じ),27.9,25.8,62.8,79,62.4,82,23.5,20.9,67.6,307.5,42.38,12.4,151.5,88.22,75.97,160.5,9.7,58,222.73,39.05,9.15,112,219,248.5,,14.37,21.42,14.15,38.85,37.95,7.85,14.48,10.6,24.25,10.56,8.64,15.83,15.45,248.5,"2,855",112,9.71,75.2,68.5,49.31,12.59,87.3,43
2016/6/4,ΜL基(じ),27.81,25.55,62.3,78.8,62.5,82,23.45,20.9,67.3,312,41.54,12.35,151,88.44,76.81,160,9.68,57.6,220.92,39.15,9.19,112,225,247.5,,14.29,21.05,14.11,38.5,37.7,7.81,14.36,10.65,24.2,10.52,8.64,15.78,15.4,249.5,"2,895",111.5,9.68,75.2,68.6,49.6,12.5,88.8,42.85
2016/6/6,ΜL基(じ),27.22,24.8,63.9,78.5,61.7,82.1,23.1,21,65.8,314.5,41.84,12.4,151.5,88.44,76.81,161,9.53,57.5,222.73,38.8,9.29,112,229.5,242.5,,14.37,21.01,14.19,39,37.6,7.83,14.32,10.65,24.2,10.56,8.64,15.83,15.4,248,"2,890",112,9.76,76,69.2,49.11,12.5,89.2,42.45
2016/6/7,ΜL基(じ),28.45,25.75,65,79.9,62.8,84.5,23.3,21.25,66.9,319,44.37,12.45,153,89.44,77.37,162,9.53,58,230.01,39.55,9.34,112.5,233,247,,14.46,21.21,14.41,39.15,37.95,7.86,14.4,10.7,24.5,10.65,8.68,15.83,15.64,245,"3,020",113,9.76,76.8,70.6,49.21,12.67,90.2,42.85
2016/6/8,ΜL基(じ),28.72,26,63,81.3,62.4,83.6,23,21.5,67.9,316,43.23,12.4,152.5,89.66,77.09,165.5,9.66,58,231.37,39.45,9.31,113,230,247,,14.55,21.3,14.54,38.95,37.7,7.91,14.72,10.75,24.75,10.69,8.75,15.92,15.77,246,"3,000",114,9.69,77.1,71.7,49.41,12.67,88.5,43
2016/6/13,ΜL基(じ),28.63,25.15,61.8,79,60,81,22.65,20.75,67.5,315,42.98,12.2,150,86.68,76.11,162,9.24,58,226.82,35.9,9.05,112,220,247,,14.24,20.63,14.15,38.45,37.6,7.72,14.52,10.3,24.35,10.43,8.55,15.13,15.5,239.5,"2,925",113.5,9.37,74.9,68.3,49.02,12.5,87.1,43.3
2016/6/14,ΜL基(じ),28.45,25.5,62.8,78.6,60.1,81,22.95,20.85,67.4,309.5,43.03,12.1,152,88.11,76.95,162,9.37,58,224.1,35.9,9.25,112,225,251.5,,14.42,21.05,14.24,39.5,37.85,7.77,14.76,10.3,24.45,10.6,8.59,15.27,15.59,242,"3,015",114.5,9.45,76,69.1,49.02,12.59,86.2,43.6
2016/6/15,ΜL基(じ),29.27,25.55,64.3,78.7,60.3,82.4,22.95,20.8,67.1,310,43.58,12.25,150.5,88.44,76.67,163,9.36,58,225.46,36.25,9.27,112.5,230.5,247.5,,14.42,21.09,14.28,39.8,38,7.77,14.76,10.35,24.45,10.56,8.59,15.27,15.59,240.5,"3,065",115.5,9.33,75.3,68.6,48.87,12.59,87.2,43.25
2016/6/16,ΜL基(じ),27.86,25.15,64,77,59.2,80.4,22.8,20.5,67.2,300,43.23,12,149,86.9,75.55,160.5,9.29,58.5,220.92,36,9.13,112,226,237.5,,14.07,20.63,14.06,38.9,36.8,7.6,14.56,10.25,23.75,10.43,8.5,15.18,15.45,240,"2,955",113.5,9.26,74.3,68.3,48.28,12.41,86.1,42.2
2016/6/17,ΜL基(じ),29,26.45,64.1,76.7,59.7,80.2,22.65,20.7,67,307.5,43.78,12.15,152,87.45,75.97,163,9.29,58.9,223.64,37,9.19,112.5,227,239,,14.37,21.05,14.28,39.25,37.3,7.77,14.83,10.3,24.15,10.56,8.55,15.27,15.59,245,"2,965",114.5,9.29,74.7,68,48.77,12.59,85.8,42.65
2016/6/20,ΜL基(じ),29.27,28.1,64.2,77.5,60.4,81.1,23.1,20.9,67.5,322.5,43.78,12.45,152,88.78,76.25,163,9.28,59.1,225.46,37.75,9.4,113,227.5,244,,14.5,21.09,14.32,39.65,37.6,7.79,14.99,10.4,24.4,10.56,8.63,15.37,15.59,241.5,"2,985",115,9.53,75.3,69,49.31,12.59,86.7,42.8
2016/6/21,ΜL基(じ),29.54,27.95,64.9,78.2,60.7,81.1,23.05,21.05,67.9,320.5,45.96,12.25,152,89,74.43,165.5,9.36,59.1,227.73,38.55,9.32,113,229.5,244,,14.55,21.05,14.54,39.75,37.9,7.82,14.95,10.4,24.55,10.65,8.66,15.41,15.77,243,"3,035",114,9.55,75.3,70,49.6,12.63,88.6,43.05
2016/6/22,ΜL基(じ),29.77,28.45,64.3,78.4,60.8,81.9,23.45,21,69.1,320.5,45.27,12.45,154.5,89.88,74.43,166,9.24,59.4,220.92,38.2,9.43,113.5,229,247.5,,14.55,21.17,14.41,40,37.9,7.84,14.99,10.45,24.5,10.69,8.68,15.37,15.77,252.5,"3,050",114,9.6,76,69.5,50.29,12.63,89.3,42.7
2016/6/23,ΜL基(じ),29.04,28,63.9,77.1,60.4,81.8,23.5,21,68,318.5,44.77,12.55,155,91.42,74.43,164,9.2,60.2,220.92,38.05,9.42,113,228,247.5,,14.46,21.01,14.45,39.8,37.65,7.78,14.91,10.4,24.3,10.65,8.66,15.37,15.73,252,"3,080",114,9.57,75.5,68.8,50.39,12.59,88.4,42.7
2016/6/24,ΜL基(じ),28.63,27.4,62.3,75.7,60,79.5,23.2,20.5,66.9,315,43.97,12,152.5,89.88,73.31,159,8.87,59.2,214.55,38.25,9.35,112.5,223.5,239,,14.16,20.13,14.11,38.2,36.4,7.65,14.91,10.2,23.8,10.39,8.43,15.13,15.36,246,"2,900",112.5,9.37,74.8,66.5,49.11,12.32,86.6,41.3
2016/6/27,ΜL基(じ),28.63,28,63.3,76.2,60.1,79.9,23.15,20.45,66.1,313,44.22,12.45,154.5,90.43,73.31,155.5,8.89,59.1,213.64,38.4,9.54,112,226.5,234.5,,14.16,20.22,14.11,36.7,34.55,7.62,14.64,10.2,23.45,10.43,8.45,15.23,15.45,245,"2,810",113,9.51,74.6,67,50.09,12.37,87.6,41.6
2016/6/28,ΜL基(じ),28.95,27.55,62,76,60,81,23.2,20.4,65.8,310,43.88,12.3,154,90.98,73.03,157,9.02,59.3,217.73,38.5,9.7,112.5,229,235.5,,14.16,20.8,14.11,36.8,34.3,7.62,14.56,10.25,24.05,10.43,8.45,15.46,15.45,250,"2,910",113,9.61,75.5,67.2,50.78,12.37,87.1,41.25
2016/6/29,ΜL基(じ),28.63,27.85,63.4,76.9,61,80.9,23.6,20.9,65.8,312.5,43.97,12.55,156.5,90.98,74.99,159,9.09,60.1,216.82,39.1,10.25,114,237.5,239.5,,14.24,20.55,14.24,37.25,34.4,7.72,14.72,10.35,24.25,10.56,8.5,15.55,15.64,250,"2,920",115,10.5,76.3,67.8,50.98,12.5,87.5,42.4
2016/6/30,ΜL基(じ),29.13,27.9,63.5,77.8,61,81,24,20.9,67.6,315,43.88,12.6,156,90.98,74.85,162.5,9.1,61,222.28,39.4,10.95,116.5,244,237.5,,14.46,20.71,14.32,37.65,35,7.77,14.91,10.4,24.3,10.6,8.56,15.6,15.68,251,"2,945",112.5,10.8,77.9,67.8,51.08,12.5,87.5,43.05
2016/7/1,ΜL基(じ),29.68,28.5,64.9,78.8,61.1,82.2,24.45,20.65,68,319.5,45.12,12.55,157.5,91.2,74.01,166,9.17,62.1,220.46,38.75,11,118,245,239,,14.42,20.88,14.41,37.6,35.05,7.8,14.91,10.4,24.3,10.65,8.68,15.64,15.68,255,"2,965",112.5,10.75,80.2,70.2,51.08,12.63,90,43.6
2016/7/4,ΜL基(じ),30.59,28.45,64.5,78.8,61.5,82.2,24.3,20.95,67.1,324,46.56,12.65,160,91.86,74.57,166,9.21,62.2,224.1,38.95,11.2,119,255.5,239,,14.42,20.88,14.41,37.35,35.15,7.77,15.03,10.45,24.4,10.6,8.69,15.69,15.68,256.5,"2,985",111,10.95,80.2,71.7,51.27,12.63,86.2,44
2016/7/5,ΜL基(じ),30.86,28.5,64.4,78.8,61.5,82.1,24.2,20.85,66.8,321,45.96,12.6,159,91.53,75.13,164,9.29,61.5,225.01,38.95,11.25,118,245,231.5,,14.42,20.63,14.36,37,35,7.73,14.99,10.95,24.3,10.65,8.73,15.74,15.73,251,"2,950",110.5,11,80,69.9,51.66,12.63,84.9,44
2016/7/6,ΜL基(じ),30.09,27.45,63.6,77.5,60.1,77.8,23.7,20.5,65,310,44.97,12.35,158,89.88,73.73,161.5,9.09,59.5,219.55,38.3,11,117.5,237,221,,14.16,20.38,14.24,36.1,34.1,7.6,14.6,10.75,23.8,10.48,8.55,15.69,15.59,251,"2,860",110.5,10.7,79.7,67.5,50.98,12.5,84.6,42.55
2016/7/7,ΜL基(じ),31,27.75,63.6,78.1,60.9,77.8,23.65,20.65,65.4,313,46.56,12.4,159,90.54,74.57,164.5,9.06,61.6,221.37,38.3,10.9,118,238,219.5,,14.07,20.26,14.24,36.05,34.1,7.57,14.44,10.75,23.8,10.48,8.6,15.64,15.54,251.5,"2,875",112.5,10.9,80,68.3,51.37,12.5,86.5,41.7
2016/7/11,ΜL基(じ),31.9,27.95,65.1,79.4,61.1,79.2,24.2,20.95,66.6,319.5,48.35,12.95,162,90.98,74.15,170,8.93,62.8,228.19,38.9,11.1,122.5,247,220,,14.29,20.76,14.49,36.5,34.15,7.65,14.76,10.9,24.05,10.73,8.69,15.97,15.77,255,"2,990",114,10.6,81.7,68.8,51.76,12.67,86.3,42.9
2016/7/12,ΜL基(じ),31.63,27.8,65.6,80.6,62.3,82.2,24.3,20.95,66.6,319,49.55,12.45,161.5,91.86,74.43,171,9.01,62.3,227.73,39.05,10.9,123.5,248,226.5,,14.33,21.05,14.54,37.15,34.4,7.69,14.87,10.9,24.05,10.73,8.76,16.24,15.77,257,"3,180",113,10.55,77,71.3,52.06,12.76,88,43.6
2016/7/13,ΜL基(じ),31.81,28.7,67.2,78,62.5,82.2,24.75,21.55,67.3,323.5,49.6,12.5,162.5,92.08,74.85,168.5,8.97,65.4,224.55,39.8,11.3,121.5,247,229.5,,14.37,21.8,14.62,37.9,35.1,7.71,14.99,10.9,24.5,10.9,8.86,16.34,15.91,257,"3,175",114,10.6,76.4,73.1,52.25,12.81,88,43.75
2016/7/14,ΜL基(じ),31.86,28.7,66,77.9,63,82.2,23.95,22.7,66.9,323.5,48.85,12.5,165,92.08,74.71,169,9.26,63.8,228.19,40,11.15,120,246,229.5,,14.46,22.25,14.75,38.1,35.65,7.75,14.95,10.95,24.6,10.95,8.91,16.34,15.91,257,"3,120",111.5,10.7,75.9,72.5,53.62,12.89,87.3,43.5
2016/7/15,ΜL基(じ),32.04,28.7,66,78.4,64,82.4,24.2,22.7,67.4,329.5,48.65,12.35,168.5,93.19,75.13,169.5,9.19,64.4,231.37,40.25,11.25,123,239.5,240,,14.59,22.38,14.88,39,36.5,7.82,15.07,11,24.9,10.99,9.13,16.57,16.05,257.5,"3,430",112.5,10.7,76.3,74.4,53.92,13.03,87.8,43.85
2016/7/18,ΜL基(じ),32.27,28.7,66.9,79.2,64.7,82.9,24.45,22.7,68,324.5,49.2,12.5,170,94.84,74.71,169.5,9.17,66.5,225.46,39.9,11.75,124,240,244,,14.67,22.71,14.92,39.45,36.95,7.9,15.27,11.15,24.9,11.03,9.18,16.75,16.19,265.5,"3,505",114,10.9,76.3,75.4,54.11,13.16,87.8,44.6
2016/7/19,ΜL基(じ),32.36,28.9,66.8,79.8,62.5,83.3,24.9,22.7,68.3,329,48.65,12.45,170.5,95.06,74.99,170.5,9.51,66.7,230.01,40.15,12.25,123.5,240,242.5,,14.67,22.88,15.01,40.25,37.3,7.93,15.31,11.2,24.95,11.07,9.27,16.89,16.24,265.5,"3,450",113.5,11.5,75.5,75,54.21,13.2,88.4,44.8
2016/7/20,ΜL基(じ),32.09,28.9,66.7,79.9,62.1,83.4,24.85,22.35,69,328,47.76,12.35,170.5,94.84,74.43,170,10.46,66.4,232.73,39.9,12.25,123,238,239,,14.67,22.54,14.96,40,36.85,7.9,15.23,11.1,24.95,11.03,9.18,16.8,16.24,250,"3,400",113,11.25,74.9,76.3,53.92,13.16,90.5,44.4
2016/7/21,ΜL基(じ),32.27,29,66.8,79.8,62.3,83.7,24.75,22.85,66.6,334.5,48.35,12.5,170.5,96.39,75.13,172,10.61,68,235.01,38.8,12.75,118.5,235.5,240,,14.67,22.41,14.96,40.05,37,7.98,15.23,11.2,25.1,11.07,9.22,16.85,16.24,248,"3,385",113.5,11.75,75.5,77.9,54.02,13.16,91.9,43.7
2016/7/22,ΜL基(じ),31.68,28.85,65.8,80,62.1,83.6,24.65,22.8,66.4,326,47.9,12.3,167.5,96.61,75.69,171,10.51,65.8,226.37,38.55,12.6,116,236,238.5,,14.63,22.24,14.92,40.05,36.7,7.9,15.07,11.05,24.95,11.03,9.18,16.75,16.19,249,"3,380",111,11.9,75.4,77.1,53.92,13.16,90.5,44.15
2016/7/25,ΜL基(じ),31,28.95,66,80,62.1,83.8,24.65,22.85,66.2,327,47.85,12.3,167.5,96.61,76.11,171.5,10.12,65,228.64,38.6,12.3,116,236,235,,14.63,22.37,14.96,39.85,36.4,7.95,15.23,11,25.05,11.03,9.22,16.8,16.24,249,"3,340",110,11.6,74.9,77.3,53.04,13.11,90.5,44
2016/7/26,ΜL基(じ),30.68,28.8,66.2,79.9,62,83.8,24.8,22.4,67.4,330.5,49.5,12.4,168,96.83,75.13,173,11.1,64.7,230.46,39.6,12.45,116,241,230.5,,14.67,22.37,14.92,40,36.35,7.9,15.38,11.35,25,11.03,9.27,16.85,16.24,259.5,"3,410",110,11.7,74.5,77.5,55.19,13.11,89.8,44.05
2016/7/27,ΜL基(じ),30.95,29,66.2,79,61.6,84,24.8,22.45,67.4,329,48.45,12.55,166.5,98.15,75.69,175,10.85,64.8,230.01,39,12.65,116.5,240,232,,14.67,22.75,14.96,39.9,36.15,7.88,15.62,11.3,25,11.07,9.27,16.94,16.24,259.5,"3,515",111,11.85,74.5,77.6,55.88,13.11,91,44.25
2016/7/28,ΜL基(じ),31,29.45,66.3,78.9,61.3,84.5,24.9,22.45,67,328.5,47.76,12.1,166.5,98.15,75.69,176.5,10.9,65,227.73,37.6,12.9,116.5,244,224.5,,14.67,22.84,15.01,40.1,36.35,7.86,15.67,11.3,25,11.07,9.36,17.03,16.33,261,"3,500",112,12,73.5,78.4,55.49,13.16,91.4,44.35
2016/7/29,ΜL基(じ),30.81,29.2,65.2,77.8,60.4,83.1,24.9,22.05,66.6,320,47.56,11.9,168,96.94,76.25,172.5,10.9,64.9,225.46,37.7,12.95,113.5,243.5,222,,14.8,22.8,14.92,39.65,35.85,7.76,15.37,11.2,25,10.95,9.27,16.29,16.42,259,"3,420",110,11.8,73.3,78.3,55.49,13.16,90.8,43.5
2016/8/1,ΜL基(じ),30.81,29.35,66,78.2,61.6,83.4,24.9,22.35,67.5,325.5,48.8,11.9,171.5,97.93,75.69,177,10.66,60.4,226.37,37.9,12.9,115,249,225,,14.8,22.84,15.05,40,36.1,7.87,15.54,11.25,25,11.07,9.31,16.34,16.47,261,"3,510",111,11.8,74.2,79.4,56.27,13.2,91.4,43.95
2016/8/2,ΜL基(じ),31.27,29.5,65.5,77.1,61.7,83.9,24.8,22.7,67.9,326,48.05,11.95,175,97.6,76.81,176,10.51,60.5,223.64,37.4,13.05,115,250,225,,14.8,22.75,15.05,39.8,35.9,7.82,15.5,11.35,24.9,10.95,9.27,16.34,16.42,259.5,"3,585",110.5,11.85,74.5,75,52.45,13.16,90.4,43.75
2016/8/3,ΜL基(じ),31.72,29.7,66,77.6,60.5,83.9,24.75,22.4,68.1,323,47.95,11.8,172,96.5,76.81,172.5,10.22,58.8,223.64,36.9,13.05,115.5,249,224,,14.72,22.71,14.88,39.65,35.8,7.82,15.24,11.2,24.95,10.9,9.22,16.29,16.33,250.5,"3,545",110.5,11.7,73.9,74.1,51.17,13.16,90,43.55
2016/8/4,ΜL基(じ),31.36,29.5,63.5,77.4,60.8,84,24.75,22.4,68.8,322.5,48.5,11.9,171,97.05,76.81,174.5,10.27,58.8,224.55,37,13,115.5,242.5,219.5,,14.72,23.1,14.84,39.75,36.1,7.81,15.33,11.15,25,10.95,9.27,16.29,16.28,248,"3,590",110.5,11.85,73.3,73.6,51.57,13.16,90,43.3
2016/8/5,ΜL基(じ),31.72,29.55,64.2,78.6,61.6,83.6,24.85,22.6,70,327,48.75,11.9,174,97.49,76.81,177,10.31,58.8,227.28,37.6,13.35,115,249,218.5,,14.8,23.32,14.96,40.45,36.5,7.9,15.54,11.25,25.35,11.03,9.31,16.34,15.76,253,"3,635",111,11.95,73.9,72.3,52.35,13.2,90.7,44.15
2016/8/8,ΜL基(じ),31.81,29.55,63.4,78.6,61.8,84,24.95,22.7,71.7,329.5,49.15,11.9,175,99.25,76.81,178,10.31,59.1,229.55,36.85,13.6,116.5,248.5,220.5,,14.93,23.53,15.14,41.65,37.25,7.95,15.63,11.45,25.5,11.2,9.4,16.38,16.05,250,"3,815",113.5,12.15,75.1,73.6,52.55,13.29,91.1,44.35
2016/8/9,ΜL基(じ),31.81,29.5,62.7,78.8,61.8,84.4,24.95,22.9,72,329.5,50.14,11.95,175,99.14,76.81,178.5,10.56,59.4,230.46,36.4,13.35,116.5,250,217.5,,15.02,23.53,15.09,41.65,37.8,7.92,15.67,11.55,25.8,11.29,9.4,16.43,16.05,251,"3,780",115,12,74.8,74.1,51.76,13.33,94.7,45.35
2016/8/10,ΜL基(じ),31.86,29.45,63.8,79.6,62.4,84.3,25.05,22.95,72.9,332,49.75,11.9,175,99.25,76.81,179.5,10.56,59,231.82,37.15,13,116.5,250,213.5,,15.1,23.71,15.26,42,38,8,15.63,11.85,25.9,11.42,9.63,16.66,16.2,257,"3,820",115,11.8,75.8,73.6,52.25,13.48,98,45.25
2016/8/11,ΜL基(じ),31.81,29.55,64.2,80,62.5,85,24.85,22.8,69.6,334,50.04,11.95,173,98.7,76.81,176.5,10.17,59,234.1,36.6,12.7,116.5,248.5,209.5,,14.96,23.27,15.18,41.55,37.6,8.04,15.71,11.75,26,11.42,9.23,16.57,16.1,256.5,"3,750",115.5,11.55,75.2,71.7,52.35,13.48,96.9,45.3
2016/8/12,ΜL基(じ),31.81,29.55,65.1,80,62.6,85.3,24.85,22.8,69.8,335.5,48.5,12,174.5,95.06,76.81,177.5,10.17,59,235.01,36.6,12.7,115,249,213,,14.92,24.1,15.18,41.7,37.95,8.18,15.67,11.95,26,11.42,8.97,16.61,16.05,256.5,"3,800",116,11.45,75.8,77.3,52.84,13.48,99.7,45.8
2016/8/15,ΜL基(じ),31.81,29.4,62.2,80,62.8,85.3,24.85,22.55,69.9,343,49,11.85,176,96.16,78.72,179,10.17,60.6,234.55,37.15,12.15,115.5,249,219,,14.92,23.88,15.09,41.5,37.85,8.18,15.58,11.9,24.15,11.42,8.92,16.85,15.86,256,"3,735",116,11.35,73.9,78.5,53.33,13.38,98.3,46
2016/8/16,ΜL基(じ),31.68,29.35,61.8,79.8,62,85,24.65,22.75,69,347.5,49,11.75,176,95.06,78.61,175.5,10.12,61.7,234.55,37.3,12.45,115,249.5,218.5,,14.87,23.71,15.18,41.6,37.8,8.13,15.67,11.85,24.15,11.37,8.93,16.94,15.96,256,"3,775",114.5,11.65,74.1,78.8,53.53,13.43,97.8,45.5
2016/8/17,ΜL基(じ),31.09,29.55,61.7,79.5,61.8,84.3,24.1,22.7,67.5,347.5,49.25,11.75,175,93.74,77.79,177,9.97,62,233.19,36.75,12.3,113.5,250.5,218,,15.06,23.49,15.22,41.7,38.15,8.14,15.58,11.75,24.25,11.33,8.91,16.99,16,258.5,"3,775",114,11.35,75.2,80,53.43,13.43,99.4,45.6
2016/8/18,ΜL基(じ),31.9,29.5,60.7,79.9,61.6,84.2,24.25,22.9,68.2,348.5,49.25,11.65,173,94.51,77.56,176,10.02,61.9,230.46,36.7,12.25,113.5,250,225,,15.01,24.23,14.8,41.85,38.05,8.2,15.71,11.85,24.35,11.42,8.97,17.82,15.96,257,"3,655",114,11.45,74.8,79.8,53.92,13.38,97.5,49.5
2016/8/19,ΜL基(じ),33.4,30.3,59.8,78.1,60.8,83.3,23.75,22.65,68.4,346.5,48.45,11.55,168.5,94.07,77.44,174.5,9.87,61.3,227.28,36.7,12.7,113.5,245,222,,14.78,23.58,14.66,41.2,37.5,8.14,15.54,11.45,23.8,11.42,8.86,17.49,15.81,255,"3,610",111.5,11.65,74.8,79,53.13,13.24,95.1,46.3
2016/8/22,ΜL基(じ),34.18,30,60.3,78.1,60.8,82.7,23.55,22.6,68.3,342.5,47.85,11.4,170,94.18,78.49,173,9.92,60,231.82,36.75,12.7,114.5,242,222.5,,14.64,23.36,14.48,40.7,37,8.08,15.63,11.6,22.3,11.29,8.76,17.22,15.67,255,"3,605",112,11.6,74.2,78.2,52.35,13.19,94.4,47.2
2016/8/23,ΜL基(じ),34.13,30.9,60.5,79.3,61.1,84.1,23.6,22.8,68.1,349,47.85,11.45,169.5,94.62,77.79,174,9.87,60.7,231.37,36.85,12.6,115,242.5,223,,14.92,23.53,14.66,41.8,37.8,8.12,15.67,11.6,22.25,11.24,8.86,17.08,15.76,250,"3,640",112,11.65,74.8,79.8,52.64,13.24,94.9,46.65
2016/8/24,ΜL基(じ),34.13,30.8,60.7,78.8,60.8,83.5,23.5,22.6,67.8,348,45.7,11.45,170,95.61,77.79,173.5,9.83,60.5,236.37,36.55,12.4,115.5,241,227.5,,14.83,23.45,14.57,41.55,37.8,8.07,15.63,11.45,21.7,10.91,8.77,16.75,15.67,253.5,"3,635",114,11.6,75.3,78.4,52.74,13.15,94,46.65
2016/8/25,ΜL基(じ),34.36,30.95,61.2,79,61.7,83.1,23.8,22.4,68.1,350,46.95,11.85,171,97.6,79.77,177,10.17,62.3,234.55,36.7,12.95,116,244,229.5,,15.01,23.62,14.71,42,38.75,8.15,15.67,11.7,22.1,10.96,8.86,17.4,15.91,252.5,"3,585",114.5,11.8,75.3,78.4,53.13,13.29,94.9,46.2
2016/8/26,ΜL基(じ),34.18,30.6,61.6,79.2,61.9,83.1,23.8,22.5,68.2,350,47.4,11.8,171,97.6,79.42,177,10.12,61.5,236.37,37.6,12.85,116.5,243.5,226,,14.96,23.75,14.75,42,39.4,8.16,15.76,11.7,22.05,10.96,8.83,17.31,15.91,254.5,"3,640",114.5,11.65,74.7,78.3,53.62,13.33,95.5,47.05
2016/8/29,ΜL基(じ),33.45,30.35,61.3,79.6,61.6,83.2,23.6,22.25,68.2,350,46.95,11.6,168,98.48,78.61,176.5,10.17,60.8,235.92,37.65,12.55,115.5,244.5,229,,14.78,23.58,14.85,43,39.6,8.13,15.71,11.4,22,10.96,8.9,17.4,15.86,251,"3,615",113.5,11.4,75,77.2,53.43,13.33,93.6,47
2016/8/30,ΜL基(じ),32.95,30.2,61.4,79.3,61.4,83,23.9,22.4,68.2,362,47.75,11.6,168.5,98.15,78.61,174.5,10.17,60.3,236.37,37.9,12.85,115,249,231,,14.83,24.4,14.8,44.55,40.65,8.16,15.67,11.5,21.95,10.91,8.92,17.31,15.91,252,"3,585",113.5,11.4,74.8,76.9,53.92,13.33,92.6,46.75
2016/8/31,ΜL基(じ),32.95,28.35,60,78.3,60.6,82.4,23.4,22,67.4,351,48,11.5,165,97.05,78.37,176,10.07,58.7,235.92,37.5,12.5,114,249.5,228,,14.6,24.31,14.89,44.9,40.1,8.02,15.41,11.25,21.6,11.01,8.78,16.99,15.81,252.5,"3,560",111.5,11.2,73.9,76.7,53.72,13.15,92.8,46
2016/9/1,ΜL基(じ),32.04,27.5,58.3,77,60.1,80.4,23.3,21.75,66.1,358,47.7,11.5,169,96.39,77.79,173.5,10.02,58.8,249.1,37,12.1,113,251,226,,14.78,24.1,14.57,44.15,39.35,7.98,15.58,11.1,21.25,10.73,8.72,16.89,15.71,245,"3,705",111.5,11,73.2,76.4,53.04,13.24,92,44.75
2016/9/2,ΜL基(じ),32.49,27.5,58.7,78,60.3,81.9,23.55,22,66.9,355.5,47.6,11.6,167.5,93.66,78.37,174.5,9.87,60,247.28,37.25,11.75,113.5,245.5,223.5,,14.74,24.83,14.71,44.55,39.45,8.01,15.5,11.1,21.4,10.78,8.75,17.08,15.96,254.5,"3,635",112,10.7,74,75.1,52.94,13.15,92.1,44.8
2016/9/5,ΜL基(じ),33.09,27.85,58.8,78.7,61.2,82.5,24.05,22.35,68.1,359,47.55,11.65,173.5,94.87,77.79,176.5,9.92,60.3,248.19,37.75,12.2,114,256.5,229,,14.87,24.79,14.85,45,40,8.09,15.63,11.35,22.05,10.91,8.83,17.26,15.96,252,"3,700",112.5,11.15,75,75.8,53.53,13.29,93.4,45.7
2016/9/6,ΜL基(じ),34.09,28.65,58.4,79.7,61.8,83.6,24.8,22.55,68,365,48.55,11.75,175,96.81,78.49,179,10.07,62,256.37,37.95,12.25,114.5,254.5,231.5,,14.96,24.83,14.89,46,40.45,8.17,15.71,11.4,22.15,11.01,8.94,17.36,16.1,254.5,"3,650",112.5,11.2,74.6,77.3,53.72,13.33,94.2,46.35
2016/9/7,ΜL基(じ),34.09,28.85,58.9,80.1,62.4,85.4,24.65,22.75,68,375.5,48.65,11.85,174.5,96.45,77.56,184,9.97,62,255.46,38.3,12.1,114.5,253.5,242,,14.96,25.18,14.89,46.05,40.8,8.19,15.8,11.45,22.25,11.01,8.95,17.45,16.25,257,"3,720",113.5,11.1,75.1,77.2,54.11,13.38,95.5,47
2016/9/8,ΜL基(じ),33.18,28.2,59.1,79.6,62.1,85.5,24.5,22.7,68,372,49.35,11.75,174.5,95.24,77.09,183,10.22,62.5,261.37,38.9,12,114,250.5,241,,15.01,25.26,15.03,46.75,41.25,8.13,15.76,11.5,22.6,11.01,8.93,17.36,16.34,261,"3,685",114,11.1,74.5,77.2,54.41,13.43,96,46
2016/9/9,ΜL基(じ),32.49,27.65,58,77.9,60.9,84.3,24.3,22.35,67.4,372,49.3,11.65,170,94.27,75.46,179.5,10.41,62,252.28,38.8,11.75,113.5,245,241.5,,14.87,24.96,14.89,45.95,40.45,8.01,15.71,11.2,22.4,10.91,8.85,17.31,16.3,261.5,"3,605",113,10.95,74,76.4,54.02,13.29,95.8,45.45
2016/9/10,ΜL基(じ),32.27,27.3,57.5,77.5,60.9,83.5,24,22.1,66.7,363.5,48.7,11.55,165.5,94.63,73.48,178,10.17,59.9,247.28,37.85,11.3,113.5,240,233.5,,14.74,24.61,14.75,44.85,39.75,7.93,15.54,11.15,22.15,10.78,8.77,17.08,16.05,254.5,"3,450",112.5,10.6,73.6,75,53.43,13.19,93.6,44.55
2016/9/12,ΜL基(じ),31.54,26.6,57.5,76.6,60.2,81.5,23.75,21.8,65.5,350.5,47.1,11.55,158,94.02,73.13,175,9.97,59.6,241.83,38.8,11.25,112.5,238,238.5,,14.64,24.31,14.62,44.9,39.7,7.85,15.45,11.2,21.9,10.73,8.71,16.89,16.1,250.5,"3,325",111.5,10.4,73.8,75,53.23,13.1,90.3,43.4
2016/9/13,ΜL基(じ),31.27,26.35,57.4,76.5,60,81.8,23.5,21.65,65,355.5,47.3,11.5,163,93.66,72.32,175,9.87,59.9,238.19,38.4,11.4,112.5,239.5,239,,14.6,24.57,14.71,44.8,39.15,7.76,15.28,11.1,22.05,10.73,8.66,16.8,15.96,250.5,"3,495",111,10.5,73.5,76,53.72,13.05,91.3,43.45
2016/9/14,ΜL基(じ),30.86,26.6,56,75.9,59.4,80.5,23.55,21.3,64.5,348.5,45.7,11.4,156,93.9,73.37,173.5,10.12,59.3,238.64,38.85,11.15,112,239,252,,14.6,24.44,14.48,44.5,39.3,7.76,15.2,11.05,21.85,10.59,8.62,16.48,15.96,246,"3,595",111,10.4,73.1,77.7,53.33,13,89.7,42.3
2016/9/19,ΜL基(じ),31.45,26.5,57.9,77.4,60.6,83.7,23.35,21.5,67.4,352.5,46.7,11.55,169.5,97.54,74.76,182.5,10.17,62.7,235.92,39.55,11.35,111.5,242.5,270,,14.83,24.96,14.8,45.7,40.2,7.91,15.5,11.2,22.45,10.87,8.76,16.89,16.34,251.5,"3,800",115.5,10.65,74.5,83.3,54.41,13.15,93.9,43.6
2016/9/20,ΜL基(じ),31.36,26.3,57.7,77.3,60.7,83.3,23.5,21.9,66.2,353,46.75,11.55,168.5,97.3,74.06,183,10.27,64.3,232.28,39.45,11.65,111.5,245.5,264,,14.78,25,14.75,46.2,40,7.9,15.41,11.2,22.5,10.82,8.77,17.03,16.3,249,"3,820",113,10.9,73.2,82.8,54.7,13.1,94.2,44.05
2016/9/21,ΜL基(じ),32.99,27.1,58.4,78.1,61,84.5,23.7,22,66.6,355,46.95,11.8,167,97.06,74.88,184,10.17,66.4,239.1,39.2,11.9,112,246,266,,14.83,25.39,14.75,46.5,40.5,7.96,15.41,11.2,22.5,10.82,8.77,17.08,16.34,252.5,"3,840",113.5,11,72.8,82.7,54.8,13.15,95.9,44.4
2016/9/22,ΜL基(じ),32.54,27.3,59.4,78.3,61.4,85.2,23.7,22.2,66.6,355,46.9,11.75,164,96.57,76.16,185.5,10.12,66,239.55,39.5,11.65,112,245,261.5,,14.83,25.31,14.85,46.5,40.6,7.96,15.37,11.3,22.3,10.87,8.81,17.08,16.34,249,"3,775",114,10.9,73,82.7,54.9,13.1,95.5,44
2016/9/23,ΜL基(じ),32.54,27.4,59.2,78.7,62.2,85.3,23.8,22.2,67.4,361.5,46.75,11.75,166,96.81,75.7,187.5,10.07,66.8,240.01,39.8,11.85,112,247,267,,14.92,25.39,14.89,46.5,40.65,8.05,15.58,11.35,22.5,10.91,8.85,17.12,16.39,250.5,"3,830",114.5,10.9,73,82.3,55.49,13.19,94.9,44.35
2016/9/26,ΜL基(じ),32.77,27.3,59.5,78.4,62.2,84.7,23.75,21.9,67,353,46.55,11.6,166,95.72,74.65,183,10.12,66,239.1,40.4,11.6,112,243.5,257.5,,14.78,24.87,14.85,45.5,40.35,8,15.41,11.2,22.2,10.78,8.77,17.03,16.25,249,"3,765",113.5,10.65,74.1,79.5,55.68,13.15,95.4,44.2
2016/9/29,ΜL基(じ),33.27,28,60.7,78.7,62.5,85.4,23.75,22.35,67,365,47.4,11.65,169,96.81,75.81,185.5,10.12,67.4,250.92,40.5,11.55,112,243.5,259,,15.01,25.35,14.85,46.8,40.7,8.09,15.58,11.3,22.35,10.87,8.85,17.08,16.34,249.5,"3,845",113,10.7,74.5,81.8,55.19,13.19,95.9,44.9
2016/9/30,ΜL基(じ),32.4,27.4,58.8,77.8,62,84.3,23.45,22.1,65.9,366.5,45.1,11.55,167,95.84,75.81,182.5,10.12,65.4,244.55,39.25,11.5,110.5,239.5,254.5,,14.69,24.79,14.62,46.3,40.1,8,15.41,11.2,22.05,10.69,8.75,16.85,16.15,249,"3,780",112.5,10.6,74,80.6,54.51,13.05,94.2,44.1
2016/10/3,ΜL基(じ),32.49,27.5,60.5,78.2,61.5,85.2,23.5,22.3,66.4,361,45.6,11.6,167,96.09,76.04,186,10.07,66.1,245.46,39.45,12.15,111,241,255.5,,14.74,24.87,14.66,46.05,40.05,7.96,15.63,11.25,21.95,10.69,8.73,16.99,16.15,250.5,"3,840",113.5,10.9,73.7,81.7,54.21,13.05,96,44.3
2016/10/4,ΜL基(じ),32.68,27.5,61.7,78.9,62.6,85.2,23.5,22.3,66.4,368.5,45.8,11.6,168,96.45,75.23,187,10.02,65.8,247.28,40,12.15,112,243,262,,14.96,24.92,14.85,46.45,40.45,8,15.63,11.35,21.85,10.78,8.84,17.08,16.34,248,"3,910",113,10.85,73.8,81.8,54.7,13.15,97.5,45.25
2016/10/5,ΜL基(じ),33.09,27.7,61.8,78.5,62.4,85,23.5,22,66.7,366,45.9,11.6,169.5,96.57,75.23,186,9.92,66.4,240.01,40.3,12.25,112,247,257,,14.92,24.79,14.85,46.3,40.1,8,15.63,11.3,21.85,10.78,8.82,17.03,16.3,248.5,"3,870",113.5,10.85,74.5,81.9,54.7,13.15,96.8,45.25
2016/10/6,ΜL基(じ),33.27,27.75,60.9,79.1,62.6,85,23.45,22.05,66.1,366,45.3,11.6,168.5,97.3,74.76,187.5,9.92,66.3,241.83,40,12.3,112.5,243.5,247.5,,14.83,24.53,14.75,45.85,40.25,7.99,15.67,11.3,21.95,10.69,8.79,17.03,16.34,246.5,"3,805",112.5,11,74.4,81.2,54.41,13.1,98.4,45.1
2016/10/7,ΜL基(じ),33.31,27.75,61.3,79.5,63,85.6,23.6,22,66.7,368,45.65,11.5,166.5,97.06,74.76,188,9.97,66.8,240.46,39.95,12,112,241,245,,14.74,24.27,14.62,45.3,40.15,8,15.67,11.3,21.85,10.73,8.82,16.94,16.25,247.5,"3,770",111.5,10.7,74,80.8,54.21,13,97.9,44.2
2016/10/11,ΜL基(じ),32.77,27.85,60.5,79.8,63,85.6,23.45,22,66.3,372,45.7,11.65,165,98.39,72.67,187.5,9.78,66.4,237.28,40.15,11.65,112,241,246,,14.92,24.7,14.66,45,40,8,15.54,11.25,21.8,10.64,8.76,16.8,16.2,246,"3,680",111.5,10.5,75.2,80.7,53.72,13.1,98.4,44.1
2016/10/12,ΜL基(じ),32.77,27.5,59.7,79.9,63.2,86.8,23.35,21.8,65.2,370,45.45,11.55,164,99,73.37,189.5,9.72,66.1,238.64,40.25,11.7,112,240,250,,14.92,24.92,14.66,45.8,40.65,8.04,15.54,11.3,21.85,10.64,8.74,17.35,16.1,247,"3,800",112,10.6,75,82.2,53.72,13.1,98,43.85
2016/10/13,ΜL基(じ),31.81,26.85,61,79.4,63.1,87.7,23.2,21.7,65.4,363.5,45.4,11.5,164.5,99.24,72.78,188.5,9.6,65.1,233.64,40.15,11.8,112,237.5,248,,14.78,24.79,14.71,45.45,39.95,7.88,15.41,11.1,21.65,10.5,8.66,17.2,16.05,245.5,"3,730",112.5,10.5,75,83,53.23,13.05,100,43.35
2016/10/14,ΜL基(じ),32.59,27,59.8,79.7,63.1,87.7,23.5,21.8,64.4,367.5,44.45,11.65,164,98.51,72.2,188,9.53,64.3,234.1,39.3,11.6,111.5,236.5,243.5,,14.69,24.57,14.57,45.7,39.7,7.87,15.41,11.25,21.65,10.41,8.65,17.05,15.96,246.5,"3,665",111.5,10.5,74.9,81.6,52.64,12.96,99.9,43.5
2016/10/17,ΜL基(じ),32.77,26.7,59.9,80,62.8,87.7,23.2,21.75,63.8,361,44,11.55,164.5,99.36,72.2,186.5,9.48,66.5,233.64,39.4,11.6,112.5,241,244,,14.83,24.61,14.62,45.05,39.95,7.85,15.33,11.15,21.6,10.36,8.6,17,15.96,243,"3,695",111,10.45,75.1,83,52.94,13.05,102,43.2
2016/10/18,ΜL基(じ),33.09,27,60.9,80.5,63.6,89,23.65,22,64.1,371.5,44.95,11.65,165,99.61,72.2,187,9.55,66,233.64,39.45,11.75,112.5,240,247,,14.87,25,14.71,45.6,40.5,7.92,15.54,11.3,21.8,10.41,8.7,17,16,246.5,"3,700",111.5,10.5,75.1,82.9,53.62,13.05,101.5,44.15
2016/10/19,ΜL基(じ),33.95,27.2,61.2,82.2,63.9,92,24.35,22.25,66.1,369.5,45.95,11.7,168,99.97,72.55,189.5,9.73,66,235.01,40,11.95,111.5,238,249.5,,14.83,25.09,14.71,45.5,40.6,7.94,15.58,11.3,21.85,10.55,8.7,17.1,16.05,248,"3,710",111,10.6,75.1,83.2,53.82,13.05,103,44.2
2016/10/20,ΜL基(じ),33.54,26.95,60.8,85,65,93,24.55,22.3,65.6,367.5,45.45,11.65,168,101.3,73.6,190.5,9.71,65,232.73,40.45,12,111.5,236,250.5,,14.87,24.79,14.71,45.15,40.45,7.94,15.54,11.7,21.85,10.5,8.72,17.2,16.05,248.5,"3,675",111,10.6,74.6,82.8,53.43,13.1,105,43.85
2016/10/21,ΜL基(じ),33.36,26.85,61.2,84.7,64.6,92.5,24.5,22.2,65.9,366.5,45.3,11.7,166,102.27,76.74,188.5,9.67,65.9,232.28,40.35,12.45,112,235.5,250,,14.87,24.87,14.66,44.9,40.3,7.94,15.54,11.7,22,10.5,8.7,17.35,16,244.5,"3,710",111.5,10.9,74.9,83.5,53.43,13.1,105.5,43.55
2016/10/24,ΜL基(じ),33.63,27.05,61,84.1,64.5,92.5,24.3,22.3,65.9,363,45.85,11.65,166,102.15,74.65,191,9.71,65.3,230.92,40.95,12.8,112.5,238,246,,14.78,25.09,14.66,44.85,40.25,7.99,15.5,11.7,21.8,10.46,8.68,17.15,16,242.5,"3,770",111.5,11,74.6,83.3,53.72,13.1,103,43.65
2016/10/25,ΜL基(じ),34.04,28,60.7,85,64.9,93.5,24.25,22.45,65.2,367.5,46.6,11.7,168,103.97,74.3,193,9.71,66.2,235.92,40.55,13,111.5,243,251,,14.92,25.31,14.71,45.3,40.4,8.03,15.5,11.75,22,10.5,8.69,17.15,16.15,245,"3,715",112,11.2,74.9,84.9,53.72,13.05,106.5,43.1
2016/10/26,ΜL基(じ),34.13,27.7,60.9,85,65.3,94.5,24.2,22.75,64.7,370,45.95,11.55,166,103.85,74.3,191.5,9.92,66.5,233.64,41.25,13.1,111.5,240.5,247.5,,14.83,25.31,14.62,45.35,40.5,7.98,15.41,11.65,21.85,10.5,8.64,17.1,15.96,242.5,"3,780",111.5,11.25,75.1,85.7,54.41,13.1,105,43.2
2016/10/27,ΜL基(じ),34.13,27.85,59.3,84.9,65.3,93.2,24.25,22.7,64,366.5,45.55,11.5,164.5,103.61,73.95,188.5,9.78,64.5,231.37,40.9,12.85,111,239,246,24.05,14.78,25,14.57,45.45,40.65,7.94,15.33,11.65,21.7,10.46,8.64,17.05,15.91,239,"3,715",110.5,11.05,74.8,85.6,54.31,13.05,104.5,42.45
2016/10/28,ΜL基(じ),34.36,27.95,60,85.6,65.5,94.4,24.3,22.6,64.8,367.5,45.85,11.7,168.5,102.88,72.55,189.5,9.73,64.9,232.28,40.6,12.35,110.5,237.5,246,22.15,14.87,25.26,14.66,44.9,40.8,8.01,15.41,11.75,21.65,10.46,8.64,17.15,16.05,240,"3,735",110.5,10.85,75.1,84.4,54.11,13.15,105,42.95
2016/10/31,ΜL基(じ),34.4,27.55,61.1,85.4,65.7,93.9,24.45,22.8,64.3,367.5,45.3,11.75,166.5,103.49,74.06,188.5,9.68,64,233.64,40.95,12,108,240,247.5,20.85,14.78,25.22,14.62,44.8,40.95,7.91,15.5,11.8,21.6,10.59,8.62,17,16.05,236,"3,735",110.5,10.65,74.6,85,53.53,13.05,105.5,42.7
2016/11/1,ΜL基(じ),33.95,27.5,60.8,85,64.9,94,24.25,22.75,65.2,367.5,45.05,11.75,165.5,102.64,72.78,189.5,9.63,64.8,233.64,40.7,12.25,109,237.5,243.5,20.4,14.83,24.83,14.66,44.75,40.8,7.91,15.45,11.75,21.55,10.55,8.64,17.1,15.91,236,"3,650",109,11.05,74.8,84.1,53.62,13.05,104,42.5
2016/11/2,ΜL基(じ),32.95,27.2,60.7,84.6,64.5,93.6,24.1,22.4,64.5,363.5,44.6,11.7,164.5,100.21,72.09,186,9.48,63.8,232.28,39.8,12.1,108,236.5,229,19.05,14.78,24.74,14.57,44.5,40.25,7.83,15.37,11.65,21.5,10.5,8.59,17.05,15.91,236.5,"3,570",109,11.1,74.4,82.3,53.04,13.05,102,41.95
2016/11/3,ΜL基(じ),32.63,27,59.8,84.9,64,93.5,23.7,22.45,64.5,360.5,44.05,11.6,163.5,99.12,71.74,184.5,9.32,62.9,225.92,40,11.95,108.5,236.5,225,19.6,14.74,24.53,14.48,43.5,39.8,7.79,15.33,11.35,22,10.41,8.52,16.9,15.86,237,"3,515",109,10.95,74.2,81,53.04,13,101.5,40.8
2016/11/4,ΜL基(じ),32.77,27,60,85.2,64.5,94,23.8,22.6,64.5,359.5,44,11.6,163.5,99.48,72.32,184.5,9.24,62.2,228.19,39.95,12,108,226,222.5,19.35,14.78,24.49,14.44,43.9,40.4,7.75,15.24,11.6,21.9,10.41,8.51,16.9,15.96,236.5,"3,495",108,11.15,74.5,81.7,52.94,12.91,100.5,40.8
2016/11/7,ΜL基(じ),33.72,27.1,59.6,85.5,64.8,94.8,23.7,22.95,64.9,364.5,44,11.65,165,101.3,72.55,189,9.34,63.9,230.01,40,12,108.5,231,229.5,19.2,14.87,24.7,14.48,44.3,40.7,7.76,15.33,11.7,21.95,10.46,8.53,16.9,15.96,235.5,"3,565",109.5,11.2,75.2,83.2,52.84,12.96,107,40.8
2016/11/8,ΜL基(じ),34.09,27.35,59.6,86.3,65.5,96.1,24.2,23.7,65.6,369,45.35,11.7,166,100.7,72.2,188.5,9.37,64,224.1,40.15,12.25,110,228,233,19.1,14.92,24.92,14.62,44.5,40.75,7.79,15.45,11.7,22.55,10.55,8.6,17.1,16.1,238.5,"3,535",110,11.25,75,83.8,52.94,13.1,108,41.45
2016/11/9,ΜL基(じ),32.99,26.75,56.5,84.2,64.4,93.4,23.65,23.4,64.4,357.5,43.4,11.5,159.5,97.54,69.64,182,8.8,61.6,225.46,38.4,11.5,109,220.5,221.5,18.45,14.78,24.23,14.34,42.8,39.1,7.59,15.15,11.3,22,10.32,8.43,16.7,15.86,241,"3,340",108.5,10.7,75,81.7,52.45,12.86,104.5,40.5
2016/11/10,ΜL基(じ),34.68,27.3,56.8,86.4,66,96.2,23.95,24.6,65.8,367,45.05,11.6,164.5,98.88,71.04,185.5,9.26,62.7,231.37,40.2,11.8,109,222,227,18.6,14.87,25.22,14.44,45.3,41.45,7.72,15.33,11.7,22.9,10.5,8.49,17.05,16.05,246,"3,545",108.5,11.05,73.9,83,52.94,12.96,105.5,40.8
2016/11/11,ΜL基(じ),34.09,26.7,54.9,85,64.7,95.1,23.4,24.5,60.6,357,42.1,11.35,157,95.84,69.17,181.5,9.04,58,224.1,39.25,11.45,107,215,216.5,18.2,14.74,25.18,14.21,45.75,43.75,7.58,15.24,11.5,22.9,10.36,8.36,16.8,15.86,240,"3,395",105.5,10.95,71.8,74.7,51.96,12.86,101.5,39.35
2016/11/14,ΜL基(じ),33.68,26.65,54.5,85.1,64,95,22.95,24.4,59.6,350.5,46.25,11.3,157,95.84,69.52,180.5,8.98,57.7,223.64,39.2,11.35,105,218.5,213.5,18.5,14.74,26.26,14.21,48.5,45.95,7.58,15.37,11.6,23.25,10.5,8.36,16.9,15.91,235,"3,280",105.5,10.75,72.6,71.8,52.25,12.82,99.3,39.5
2016/11/15,ΜL基(じ),33.36,26.6,55,85,64.5,94.4,22.95,24.4,58.6,350,46.75,11.3,157,95.84,69.41,180,9,58,223.64,38.75,11.4,104,216,214,18.5,14.78,26.69,14.21,47.5,44.9,7.6,15.58,11.5,23.25,10.5,8.38,17.1,15.86,239.5,"3,325",104,10.8,71.6,70,51.96,12.86,99.5,39.95
2016/11/16,ΜL基(じ),33.22,26.55,56.2,85.5,65.2,96,23,24.05,60,348,46.55,11.3,156.5,95.84,68.36,180,9,58.3,225.46,38.9,11.4,106,216,213,18.95,14.83,26.73,14.25,47.6,45.45,7.63,15.76,11.5,23.05,10.46,8.35,17.05,15.91,240,"3,385",105,10.8,72.7,71.9,51.86,12.86,99.5,39.55
2016/11/17,ΜL基(じ),32.9,26.05,55.2,86.2,65.9,96.1,22.65,24.3,58.5,353,47.05,11.35,156,97.79,68.24,181.5,9.04,58,226.37,39,11.65,105.5,221.5,213.5,18.75,14.87,27.12,14.25,47.6,44.85,7.61,15.76,11.55,23,10.5,8.32,17.3,16.05,241.5,"3,355",106,10.95,73.6,72.3,51.86,12.91,100,39.35
2016/11/18,ΜL基(じ),32.59,26.05,54.6,85.7,65.4,94.6,22.85,24.05,58.9,346,48.95,11.3,157,98.15,68.36,181,9.06,58.7,227.28,39.85,11.65,105.5,227,219.5,18.8,14.74,27.17,14.25,47.1,45,7.56,15.71,11.4,22.7,10.46,8.28,17.1,15.96,237,"3,500",106,10.95,73,73.8,51.96,12.91,99.5,39.15
2016/11/21,ΜL基(じ),33.45,26.35,54.6,86.4,65.1,95.1,23,24.5,58.5,352,47.9,11.4,155.5,98.15,68.24,181,9.11,58,227.28,40.1,11.75,105,223,223,18.75,14.83,27.3,14.3,48.1,45.65,7.72,15.76,11.55,23.1,10.46,8.34,17.15,16,235.5,"3,500",106,11.15,73.8,73.4,52.45,13,100,39.35
2016/11/22,ΜL基(じ),33.72,26.7,54.6,88,66.1,96.9,23.25,24.5,59,363,49.65,11.4,158,98.51,68.82,184,9.18,58.8,229.1,40.45,11.75,106,228.5,225.5,18.75,14.92,27.64,14.3,48.05,45.45,7.78,15.8,11.65,23.25,10.55,8.47,17.2,16.15,241.5,"3,510",106,11,73.3,74.3,52.74,12.91,103.5,40.7
2016/11/23,ΜL基(じ),33.77,26.8,54.5,88.6,66.5,98,23.5,24.6,59,366.5,49.25,11.45,160.5,99.48,69.29,185.5,9.19,59.3,232.28,41.55,11.65,107.5,226,223,18.65,15.06,27.6,14.44,47.75,46.05,7.89,15.8,11.65,22.85,10.55,8.53,17.25,16.2,244,"3,520",107.5,11,73.9,76.5,52.74,13,105,40.4
2016/11/24,ΜL基(じ),33.4,26.9,54.9,88.5,66.5,97.2,23.4,24.7,59.2,364,50,11.35,158.5,98.39,69.29,183,9.24,58.5,231.37,45,11.55,107.5,222,219.5,19,15.06,28.29,14.48,48.45,46.55,8.06,15.76,11.8,23.2,10.73,8.64,17.35,16.25,241,"3,515",107,10.9,74,74.3,53.13,13,104.5,40.5
2016/11/25,ΜL基(じ),33.4,26.35,55,88,66.3,97.6,23.35,25.1,59.4,366,49.1,11.35,158,97.66,69.06,182,9.19,58.6,229.55,43.35,11.65,107.5,221.5,222,18.8,15.1,29.11,14.57,49.35,48.45,8,15.76,11.65,23.05,10.69,8.62,17.35,16.25,242.5,"3,570",107.5,10.8,73.6,74.9,52.74,13.05,105,40.2
2016/11/28,ΜL基(じ),33.63,27.15,55.3,88.8,67,98,23.65,25.55,60.6,366,49.3,11.35,158,98.63,69.29,184,9.3,59.1,233.19,44.5,11.5,107.5,223.5,233.5,18.75,15.33,29.81,14.66,49.35,48.45,8,15.97,11.75,23.2,10.73,8.64,17.5,16.3,240,"3,620",108,10.8,73.7,75.9,53.04,13.24,104.5,40.05
2016/11/29,ΜL基(じ),33.27,27,55,89.9,66.7,98.5,23.5,25.45,59.4,360,49.3,11.35,158,99.48,69.29,182,9.32,58.7,233.19,44.5,11.55,107.5,221.5,238.5,19,15.24,29.68,14.57,49.45,47.3,7.96,15.8,11.65,23,10.73,8.57,17.25,16.2,240,"3,640",107.5,10.95,73.7,76.2,52.74,13.15,102.5,39.4
2016/11/30,ΜL基(じ),33.49,28.05,54.5,90.8,67.1,99.9,23.5,25,60,366.5,50.3,11.25,160,99.48,69.29,183,9.46,59.4,233.19,44.5,11.45,107.5,221.5,231.5,19.05,15.61,29.42,14.75,49.45,46.9,7.94,15.97,11.55,22.75,10.73,8.61,17.5,16.3,239.5,"3,690",107.5,11,73.8,75.9,53.33,13.24,107.5,39.85
2016/12/1,ΜL基(じ),33.72,27.95,54.5,91.1,68.5,99.5,23.85,24.9,59.8,366.5,50,11.35,158,99.97,69.17,183,9.71,59,232.73,45.25,11.45,106.5,224.5,237.5,19.05,15.47,30.63,14.71,50.3,48.3,8.01,15.89,11.6,22.9,10.78,8.64,17.55,16.3,241,"3,650",105.5,10.95,73.6,76.5,53.04,13.19,109.5,40.1
2016/12/2,ΜL基(じ),33.72,27.85,54.1,91.4,68.8,98.7,23.95,25,60.8,367,49.3,11.3,156.5,99.12,68.36,178,9.48,59,230.46,44.75,11.35,106,225,237.5,18.9,15.38,30.71,14.71,50.8,48,7.99,15.8,11.55,23.05,10.78,8.64,17.6,16.39,238.5,"3,610",105.5,10.8,73.3,75.2,53.72,13.19,108.5,39.65
2016/12/5,ΜL基(じ),33.36,27.35,54,90.3,68.1,97.8,23.6,24.95,60.5,362,49.3,11.2,155.5,98.63,66.84,179,9.34,58.8,228.64,44.6,11.55,106,223.5,233,19,15.24,30.5,14.57,51,48.3,7.92,15.63,11.45,22.8,10.69,8.58,17.55,16.39,235.5,"3,580",106,11,73.2,74.5,53.33,13.1,107.5,39.15
2016/12/6,ΜL基(じ),33.59,27.65,54,90.3,69.1,99,24,25.25,60.7,365.5,50.2,11.4,157,99.85,66.96,182,9.27,58.7,230.46,44.3,11.5,106,226,236,18.9,15.38,29.46,14.66,51,49,8.01,15.67,11.55,23.25,10.73,8.64,17.6,16.49,236.5,"3,675",106,11,73.2,76,53.72,13.19,111,39.7
2016/12/7,ΜL基(じ),33.68,27.65,54,90.9,69.1,98.6,24.2,25.25,60.4,367,50,11.35,157,100.82,67.08,181.5,9.3,59.2,228.19,44.3,11.8,106,225,233.5,18.85,15.38,28.55,14.75,51,48.9,8,15.71,11.5,23.25,10.73,8.62,17.65,16.59,237.5,"3,750",106,11.35,73.9,75.5,53.62,13.19,110,39.55
2016/12/8,ΜL基(じ),34.54,28.05,55.3,91.5,70.6,98.9,24.8,25.7,61,371.5,50.5,11.4,162.5,102.88,67.66,185.5,9.3,59.2,232.73,44.3,12,106,230,234,18.9,15.65,28.68,14.98,51.2,49.05,8.08,16.06,11.8,23.5,10.91,8.72,17.9,16.83,239,"3,750",107,11.4,73.6,76.4,53.92,13.43,111.5,40.45
2016/12/9,ΜL基(じ),34.49,28.05,55.7,91.9,71.7,99,24.8,25.55,60.7,372,50,11.35,163,103.12,67.08,186,9.57,59.5,235.46,45.3,11.9,105,230.5,233.5,18.95,15.56,27.56,15.03,51.5,49.4,8.14,16.15,12,23.75,10.91,8.74,18,16.83,237.5,"3,730",105.5,11.25,73.5,76.8,54.02,13.48,113.5,40.85
2016/12/12,ΜL基(じ),34.45,28.1,55.4,91.9,72.5,98.8,24.9,25.65,61,371,50,11.3,162,101.18,67.78,185,9.6,60.8,233.19,47,11.75,105,229.5,235.5,18.75,15.51,28.03,15.03,51.4,49.4,8.1,16.06,11.9,23.75,10.96,8.74,17.9,16.78,233,"3,735",105,11.3,72.5,75.5,54.21,13.48,111,40.75
2016/12/13,ΜL基(じ),34.4,27.8,54.9,90.9,72.4,98.8,24.9,25.7,60.8,372,50,11.3,161.5,102.4,67.43,186,9.48,60.5,229.1,46.8,11.75,104.5,228.5,235,18.7,15.65,28.03,15.07,52.3,49.65,8.17,16.15,12.05,23.7,11.01,8.79,18,16.97,232.5,"3,750",105,11.25,72.3,75.6,54.41,13.48,113.5,41.3
2016/12/14,ΜL基(じ),34.27,27.95,54.9,90,71.8,98.6,24.65,25.65,60.5,370,50,11.2,163,101.55,66.61,187.5,9.55,61,229.1,47.4,11.7,104.5,225,236.5,18.7,15.51,27.08,14.94,51.5,48.65,8.12,15.93,12,23.4,10.96,8.68,17.85,16.83,235,"3,735",104,11.3,72,76.4,54.31,13.38,111.5,41.2
2016/12/15,ΜL基(じ),33.68,28.05,53.3,88.8,69.9,97.6,24.45,25.55,60.5,367,50.5,11.3,160,102.15,67.31,187,9.53,61,228.19,47.5,11.9,104,228,239,18.65,15.51,28.38,14.98,53,49.8,8.16,16.02,11.95,23.4,11.01,8.74,18,16.73,232,"3,695",104,11.55,71.9,75.4,53.72,13.38,109.5,40.8
2016/12/16,ΜL基(じ),33.31,27.55,53.3,89.4,71.9,97.3,24.35,25.25,59.3,363.5,49.2,11.3,157,101.42,67.78,185,9.58,59.5,227.28,48.5,11.9,103,226,235.5,18.5,15.56,28.55,14.89,52.9,50,8.09,15.93,12,23.75,10.91,8.65,18,16.68,230.5,"3,750",103,11.55,71.6,76.3,53.82,13.24,109.5,40.3
2016/12/19,ΜL基(じ),32.72,27.05,53.3,88.4,72.5,96,24.05,24.95,60.6,361,48.7,11.3,157.5,100.45,67.43,182.5,9.83,59.7,225.46,47.7,11.75,101.5,224,229.5,18.25,15.47,27.6,14.85,52.9,49,8.07,15.76,11.9,23.4,10.82,8.55,17.85,16.59,230,"3,665",102.5,11.45,71.4,75.1,53.92,13.19,109.5,40.05
2016/12/20,ΜL基(じ),32.95,27.15,53,88.7,72.5,96.8,24.35,25.55,59.6,361,49.2,11.3,158.5,101.55,67.54,182.5,10.8,59.4,228.64,47.7,11.85,101.5,219.5,227,18.25,15.56,27.73,14.8,52.9,49,8.05,15.8,11.9,23.3,10.82,8.55,17.8,16.54,230,"3,620",103.5,11.6,71.1,76.5,53.43,13.19,107.5,39.8
2016/12/21,ΜL基(じ),32.63,26.8,53,89,72.7,97.1,24.4,25.2,59.5,366,48.45,11.3,159.5,101.06,67.08,180,11.49,59,226.37,47.45,12.1,101,216.5,225,18.45,15.56,27.69,14.75,52.5,48.55,8.03,15.76,11.8,23.15,10.82,8.54,17.7,16.49,230,"3,640",102,11.8,71.2,77,53.33,13.15,106.5,39.7
2016/12/22,ΜL基(じ),31.81,26.4,52.6,87.1,71.2,94.5,24.15,24.9,59.2,361.5,48.4,11.3,156,100.45,67.31,179,11.78,58.9,226.37,48.45,12.05,101,217,220,18.2,15.38,27.56,14.62,50.2,46.8,7.97,15.67,11.7,23,10.69,8.51,17.55,16.34,230,"3,600",102.5,11.75,71.2,76.3,53.33,13.1,105.5,39.45
2016/12/23,ΜL基(じ),31.22,26.2,52.2,86.1,70.4,93.2,24,24.6,59,360.5,47.5,11.3,155,100.33,65.68,178.5,12.27,58.4,225.01,49.55,12,101,216.5,221.5,18.25,15.29,27.25,14.57,49.8,47,7.96,15.58,11.7,22.9,10.73,8.47,17.45,16.3,228.5,"3,550",102,11.65,70.5,76.1,53.33,13.05,105,39.15
2016/12/26,ΜL基(じ),31.13,26.25,52.7,86.4,70.6,94.2,23.8,24.4,59.4,358.5,47.7,11.3,155.5,101.06,67.43,179.5,12.12,59,225.01,48.75,11.9,101,216,221.5,18.35,15.47,27.43,14.66,50.8,48.05,7.96,15.71,11.75,23,10.78,8.53,17.55,16.44,229,"3,570",102,11.6,70.8,76,53.43,13.15,105,39.6
2016/12/27,ΜL基(じ),31,26.3,53,86.4,70.1,93.5,23.75,24.25,59.6,359.5,47.45,11.3,155,101.3,66.84,180,11.83,59.1,225.46,48,11.85,101,218,223,18.35,15.47,27.43,14.66,50.1,47.6,7.96,15.63,11.7,22.85,10.73,8.5,17.5,16.44,228,"3,590",102,11.5,70.9,76.4,53.43,13.1,106,39.55
2016/12/28,ΜL基(じ),31.36,26.45,52.9,88.5,71,95.3,24.05,24.75,60,363,48,11.35,157.5,101.91,67.54,182,11.88,60.1,226.37,48.8,11.9,101.5,218.5,224,18.35,15.56,27.95,14.8,50.9,48.65,8,15.76,11.85,23,10.69,8.56,17.6,16.64,230,"3,725",101.5,11.65,71.1,77.2,53.62,13.24,108,39.9
2016/12/29,ΜL基(じ),31.09,26.2,52.8,87.4,71,94.7,23.9,24.5,60.3,359,47.6,11.3,157,101.42,67.31,180,11.88,59.7,224.1,48.25,11.75,101.5,216.5,221,18.35,15.56,27.3,14.66,50.2,47.9,7.96,15.67,11.8,22.8,10.69,8.5,17.55,16.54,228,"3,725",102,11.55,71.3,76.6,53.33,13.15,106.5,39.9
2016/12/30,ΜL基(じ),31.95,26.35,53.4,89.2,71.2,96.3,24.2,24.65,60.8,369,48.6,11.4,159.5,102.15,68.24,181.5,12.81,60.3,231.37,48.3,11.8,101.5,216.5,224,18.4,15.7,27.73,14.8,51,48.2,8.06,15.84,12,23,10.82,8.59,17.65,16.68,231,"3,790",104,11.6,72.5,77,54.02,13.24,112,40.2
